username,avatar_url,content,likes,timestamp,parent_comment,video_url,sentiment
@duyluong945,https://p16-sign-sg.tiktokcdn.com/tos-alisg-avt-0068/7327622514409111553~tplv-tiktokx-cropcenter:100:100.jpg?dr=14579&refresh_token=6788e65c&x-expires=1755352800&x-signature=sTChM6cUzmUfTiFhwDIVJVtFT6A%3D&t=4d5b0474&ps=13740610&shp=30310797&shcp=ff37627b&idc=my,G·ªçi v·ªën th√¨ ph·∫£i th·∫ø,68.0,12-08-2025,,https://www.tiktok.com/@himz_1205/video/7537265078085684487,POS
@haipham38883,https://p16-sign-sg.tiktokcdn.com/tos-alisg-avt-0068/c95dccec5399403188a489182021f521~tplv-tiktokx-cropcenter:100:100.jpg?dr=14579&refresh_token=c20f647f&x-expires=1755352800&x-signature=6Ge4i83qjSLRvDQeh3m9FD46prg%3D&t=4d5b0474&ps=13740610&shp=30310797&shcp=ff37627b&idc=my,Ko th·∫•y v·∫øt mu·ªói ƒë·ªët n√†o nh·ªâ,2.0,11-08-2025,,https://www.tiktok.com/@himz_1205/video/7537265078085684487,POS
@haidavid_1990,https://p16-sign-sg.tiktokcdn.com/tos-alisg-avt-0068/7329531748004413448~tplv-tiktokx-cropcenter:100:100.jpg?dr=14579&refresh_token=39e0a28c&x-expires=1755352800&x-signature=TW6WNppuLBuNiJoQywIlbODeyyw%3D&t=4d5b0474&ps=13740610&shp=30310797&shcp=ff37627b&idc=my,ƒê√£ m·∫Øt ch·ª© ng·ª©a ƒë√¢uüòÇ,0.0,15-08-2025,,https://www.tiktok.com/@himz_1205/video/7537265078085684487,NEG
@phuongthutra,https://p16-sign-sg.tiktokcdn.com/tos-alisg-avt-0068/11a037f36a18e16de70b18ae5bd0908b~tplv-tiktokx-cropcenter:100:100.jpg?dr=14579&refresh_token=5e411840&x-expires=1755352800&x-signature=ytsbZaRT0%2F2Xrw5kbUIcPGtPhN8%3D&t=4d5b0474&ps=13740610&shp=30310797&shcp=ff37627b&idc=my,Tr·∫£ ti·ªÅn h√¨nh ·∫£nh ch∆∞a?,51.0,12-08-2025,,https://www.tiktok.com/@himz_1205/video/7537265078085684487,POS
@kulll9696,https://p16-sign-sg.tiktokcdn.com/tos-alisg-avt-0068/b82988af8d8cab3f40b43066d9a7f1b1~tplv-tiktokx-cropcenter:100:100.jpg?dr=14579&refresh_token=1e6915d1&x-expires=1755352800&x-signature=NzdDdm3HuV%2B0SccuPrB0XP%2Fp7WA%3D&t=4d5b0474&ps=13740610&shp=30310797&shcp=ff37627b&idc=my,Cho mk xin link c·∫∑p,1.0,11-08-2025,,https://www.tiktok.com/@himz_1205/video/7537265078085684487,POS
@xuanca2k1_hn,https://p16-sign-sg.tiktokcdn.com/tos-alisg-avt-0068/72b282680193a87faff176417cc25861~tplv-tiktokx-cropcenter:100:100.jpg?dr=14579&refresh_token=8a18bbb6&x-expires=1755352800&x-signature=NtLI301vbKERSdGe0mxePj2Hrhg%3D&t=4d5b0474&ps=13740610&shp=30310797&shcp=ff37627b&idc=my,Gi·ªçng n√†u ƒë√∫ng g√°i h√† n·ªôi,0.0,13-08-2025,,https://www.tiktok.com/@himz_1205/video/7537265078085684487,NEU
@ph.huyen01,https://p16-sign-sg.tiktokcdn.com/tos-alisg-avt-0068/3d77c998f60ba0bd3b10adf1fd112185~tplv-tiktokx-cropcenter:100:100.jpg?dr=14579&refresh_token=0ef412c8&x-expires=1755352800&x-signature=2msuz%2BbvfJUQ6dMm7KEFmTjBQH0%3D&t=4d5b0474&ps=13740610&shp=30310797&shcp=ff37627b&idc=my,Ai bi·∫øt ch·ªó b√°n √°o s∆° mi nhnay k ·∫° ü•≤,0.0,14-08-2025,,https://www.tiktok.com/@himz_1205/video/7537265078085684487,POS
@camxinhiudaylee_07,https://p16-sign-sg.tiktokcdn.com/tos-alisg-avt-0068/65094aa6ce2591d5f2d6381fa82f6a3a~tplv-tiktokx-cropcenter:100:100.jpg?dr=14579&refresh_token=acd15231&x-expires=1755352800&x-signature=lAonqo0BUfOo7F4hTJwnP%2FZmFdg%3D&t=4d5b0474&ps=13740610&shp=30310797&shcp=ff37627b&idc=my,t√∫i c tr√† b√°n kh√¥ng ·∫°,9.0,11-08-2025,,https://www.tiktok.com/@himz_1205/video/7537265078085684487,POS
@quantroc90,https://p16-sign-sg.tiktokcdn.com/tos-alisg-avt-0068/e39fe92e2a9f6ead21cbb6216a7da23c~tplv-tiktokx-cropcenter:100:100.jpg?dr=14579&refresh_token=54b63fb4&x-expires=1755352800&x-signature=wcnVdCDIcSK%2F%2Fh4AO%2BQeW2P5OgA%3D&t=4d5b0474&ps=13740610&shp=30310797&shcp=ff37627b&idc=my,m·∫∑c ƒë·∫πp,0.0,14-08-2025,,https://www.tiktok.com/@himz_1205/video/7537265078085684487,POS
@moc_229,https://p16-sign-sg.tiktokcdn.com/tos-alisg-avt-0068/e2ec876ea8e8bf1bad2c7f21ee2d69de~tplv-tiktokx-cropcenter:100:100.jpg?dr=14579&refresh_token=efbacfc9&x-expires=1755352800&x-signature=LnoEGnQ7ESt3M%2FKiBiCp49zXGt8%3D&t=4d5b0474&ps=13740610&shp=30310797&shcp=ff37627b&idc=my,M·ªôt t·ªù h·∫øt s·ªë th√¥i,1.0,14-08-2025,,https://www.tiktok.com/@himz_1205/video/7537265078085684487,NEU
@luckybank96,https://p16-common-sign-useastred.tiktokcdn-eu.com/tos-useast2a-avt-0068-giso/f5cd579604f54ea6497a2d0089718360~tplv-tiktokx-cropcenter:100:100.jpg?dr=14579&refresh_token=89faf09a&x-expires=1755352800&x-signature=Vk13fQMwehjk47JWhHae6BzLf2Q%3D&t=4d5b0474&ps=13740610&shp=30310797&shcp=ff37627b&idc=my,ƒë√∫ng ch√∫ng t√¥i th√≠ch üòÇ v·ª£ thi√™n h·∫° ƒë√£ mu·ªën cho ch√∫ng t√¥i xem th√¨ ng·∫°i g√¨ k ng·∫Øm üòÇ,2.0,12-08-2025,,https://www.tiktok.com/@himz_1205/video/7537265078085684487,POS
@duynguyen123hd,https://p16-sign-sg.tiktokcdn.com/tos-alisg-avt-0068/456335ce779580ef765ef1753872c46e~tplv-tiktokx-cropcenter:100:100.jpg?dr=14579&refresh_token=6429b82f&x-expires=1755352800&x-signature=pt6lwJz6WvGF8fJrL7Zj%2BFIaoOE%3D&t=4d5b0474&ps=13740610&shp=30310797&shcp=ff37627b&idc=my,H∆∞ng y√™n m√£i ƒë·ªânh,2.0,11-08-2025,,https://www.tiktok.com/@himz_1205/video/7537265078085684487,POS
@quyenauto833833,https://p16-sign-sg.tiktokcdn.com/tos-alisg-avt-0068/60cf87ae62e775dde5a55ac781422f51~tplv-tiktokx-cropcenter:100:100.jpg?dr=14579&refresh_token=d38634b4&x-expires=1755352800&x-signature=IfClvs5ncJuErUxPftctp5jziCU%3D&t=4d5b0474&ps=13740610&shp=30310797&shcp=ff37627b&idc=my,C·∫£ c√°i h·ªôi ƒë·ªìng ‚Äú h·ªØu duy√™n bl‚Äù h·ªç ƒë·ªÅu duy·ªát . B√† v·∫´n √Ω ki·∫øn g√¨?,0.0,13-08-2025,,https://www.tiktok.com/@himz_1205/video/7537265078085684487,NEG
@sk.minhkhang,https://p16-sign-sg.tiktokcdn.com/tos-alisg-avt-0068/7324750094127857666~tplv-tiktokx-cropcenter:100:100.jpg?dr=14579&refresh_token=ff1eaf7d&x-expires=1755352800&x-signature=kFiFEuDakPMSIkDIAeelbyHYzaM%3D&t=4d5b0474&ps=13740610&shp=30310797&shcp=ff37627b&idc=my,Anh ch·∫•p nh·∫≠n ƒë∆∞·ª£c,0.0,12-08-2025,,https://www.tiktok.com/@himz_1205/video/7537265078085684487,NEU
@dung.kelvin93,https://p16-sign-sg.tiktokcdn.com/tos-alisg-avt-0068/f3c3bc43b77ac9329de7f723da83b088~tplv-tiktokx-cropcenter:100:100.jpg?dr=14579&refresh_token=2d8c67db&x-expires=1755352800&x-signature=qK00656yvy5HkrJZg9BZAkzwBKI%3D&t=4d5b0474&ps=13740610&shp=30310797&shcp=ff37627b&idc=my,G·ªçi v·ªën ph·∫£i ƒÉn m·∫∑c v·∫≠y m·ªõi c√≥ ti·ªÅn ch·ª©,0.0,14-08-2025,,https://www.tiktok.com/@himz_1205/video/7537265078085684487,NEU
@pham.van.do.1974,https://p9-sign-sg.tiktokcdn.com/tos-alisg-avt-0068/ac0d5b7f88c2167a1db194c2c9c21e5c~tplv-tiktokx-cropcenter:100:100.jpg?dr=14579&refresh_token=6f73b815&x-expires=1755352800&x-signature=4jVnSU4mNg%2FUKuz5%2BjbDnOvcr9o%3D&t=4d5b0474&ps=13740610&shp=30310797&shcp=ff37627b&idc=my,ƒë·∫πp üíó,0.0,14-08-2025,,https://www.tiktok.com/@himz_1205/video/7537265078085684487,POS
@ngolinh1233,https://p16-sign-sg.tiktokcdn.com/tos-alisg-avt-0068/3e58e1158223bd74e9f6aea470c2b905~tplv-tiktokx-cropcenter:100:100.jpg?dr=14579&refresh_token=f2d89bb9&x-expires=1755352800&x-signature=w0NcIvU1s0o7APivpIHgRUNQKLY%3D&t=4d5b0474&ps=13740610&shp=30310797&shcp=ff37627b&idc=my,qu√° ƒë·∫πp üòèüòè,0.0,12-08-2025,,https://www.tiktok.com/@himz_1205/video/7537265078085684487,POS
@phongvu1988,https://p16-sign-sg.tiktokcdn.com/tos-alisg-avt-0068/e4882f4d6ed311ca8c1f786536c30360~tplv-tiktokx-cropcenter:100:100.jpg?dr=14579&refresh_token=c4362695&x-expires=1755352800&x-signature=yoSJ9I3ea4X%2FZvEnfjRMmdMpS9o%3D&t=4d5b0474&ps=13740610&shp=30310797&shcp=ff37627b&idc=my,ƒêep,0.0,14-08-2025,,https://www.tiktok.com/@himz_1205/video/7537265078085684487,POS
@truongdam349,https://p16-sign-sg.tiktokcdn.com/tos-alisg-avt-0068/78b6652aa877a3e4a58449cdc850c4c8~tplv-tiktokx-cropcenter:100:100.jpg?dr=14579&refresh_token=b3e1ce4a&x-expires=1755352800&x-signature=ljVOz4l92aWBdVCkAAUmBvC6LIE%3D&t=4d5b0474&ps=13740610&shp=30310797&shcp=ff37627b&idc=my,c≈©ng t·∫ßm gi√° t4 m∆∞·ªùng thanh,0.0,14-08-2025,,https://www.tiktok.com/@himz_1205/video/7537265078085684487,POS
@vn.h141,https://p16-sign-sg.tiktokcdn.com/tos-alisg-avt-0068/f7fecf590a434d61da3e8840f6217664~tplv-tiktokx-cropcenter:100:100.jpg?dr=14579&refresh_token=7c9bcd89&x-expires=1755352800&x-signature=hVHxmqeIfUuEN70m1QmxI7Tysuk%3D&t=4d5b0474&ps=13740610&shp=30310797&shcp=ff37627b&idc=my,l√†m ph√°t s∆∞ng b·ª•ng lu√¥n,0.0,13-08-2025,,https://www.tiktok.com/@himz_1205/video/7537265078085684487,NEG
@n.vanchinh171,https://p16-sign-sg.tiktokcdn.com/tos-alisg-avt-0068/adc1b76fc6a82bb6de722905aa1bac82~tplv-tiktokx-cropcenter:100:100.jpg?dr=14579&refresh_token=38bf5657&x-expires=1755352800&x-signature=D2mA4BH%2BspxC8tChBb%2F1edjh86s%3D&t=4d5b0474&ps=13740610&shp=30310797&shcp=ff37627b&idc=my,"""S·∫Ω m√°ch b·ªì""üòÇ",2805.0,12-08-2025,,https://www.tiktok.com/@miecualinh/video/7537676496240938258,POS
@miecualinh,https://p16-sign-sg.tiktokcdn.com/tos-alisg-avt-0068/b957722f7fbde8a3a3a80068becca4a7~tplv-tiktokx-cropcenter:100:100.jpg?dr=14579&refresh_token=d0a1a9f0&x-expires=1755352800&x-signature=ZnyeBE89QeeLa5892DuvSxG67ZY%3D&t=4d5b0474&ps=13740610&shp=30310797&shcp=ff37627b&idc=my,Ai ƒëo√°n ƒëc ƒëi·ªÅu b·∫•t ng·ªù trong clip Mie t·∫∑ng tr√† s·ªØa nha ü§£ü§£ü§£,284.0,12-08-2025,,https://www.tiktok.com/@miecualinh/video/7537676496240938258,POS
@myphuong12607,https://p16-sign-sg.tiktokcdn.com/tos-alisg-avt-0068/f972e8a872d542d366bbca617ae48f0b~tplv-tiktokx-cropcenter:100:100.jpg?dr=14579&refresh_token=b87e6238&x-expires=1755352800&x-signature=J8uvDAUgoKderx49P2SUSYcd3dI%3D&t=4d5b0474&ps=13740610&shp=30310797&shcp=ff37627b&idc=my,C∆∞·ªùi rung c·∫£ gi∆∞·ªùng=)))),84.0,12-08-2025,,https://www.tiktok.com/@miecualinh/video/7537676496240938258,POS
@anhdung88886,https://p16-sign-sg.tiktokcdn.com/tos-alisg-avt-0068/7325067945829367810~tplv-tiktokx-cropcenter:100:100.jpg?dr=14579&refresh_token=3f7ecfd6&x-expires=1755352800&x-signature=N4DmFC490D37JTfPEnN7bDqZqWA%3D&t=4d5b0474&ps=13740610&shp=30310797&shcp=ff37627b&idc=my,Xem v·ª£ ch·ªìng nh√† n√†y c∆∞·ªùi ƒëau h·∫øt b·ª•ngü§£ü§£,0.0,15-08-2025,,https://www.tiktok.com/@miecualinh/video/7537676496240938258,POS
@kaiser14125,https://p16-sign-sg.tiktokcdn.com/tos-alisg-avt-0068/fb9eba6fcf493b744ea78050b7415115~tplv-tiktokx-cropcenter:100:100.jpg?dr=14579&refresh_token=a1e9a854&x-expires=1755352800&x-signature=e8t7eDmXx80IfYNkJJychVu1EDM%3D&t=4d5b0474&ps=13740610&shp=30310797&shcp=ff37627b&idc=my,b·∫°n m·ªát m·ªèi l·∫Øm h·∫ª üóøüóøüóø,7.0,12-08-2025,,https://www.tiktok.com/@miecualinh/video/7537676496240938258,NEG
@kophaithao17,https://p16-sign-sg.tiktokcdn.com/tos-alisg-avt-0068/05967e43fddcd902f438a34f117f6f22~tplv-tiktokx-cropcenter:100:100.jpg?dr=14579&refresh_token=df41d981&x-expires=1755352800&x-signature=e8YXV%2Bf715XwOEqYDVf%2BgyTKqiI%3D&t=4d5b0474&ps=13740610&shp=30310797&shcp=ff37627b&idc=my,Ch·ªët v·∫´n l√† x√¥ng v√†oüòÖ,0.0,15-08-2025,,https://www.tiktok.com/@miecualinh/video/7537676496240938258,POS
@phuong_thuy96,https://p16-sign-sg.tiktokcdn.com/tos-alisg-avt-0068/3094061b6c16c8990eaeb3dd3436c739~tplv-tiktokx-cropcenter:100:100.jpg?dr=14579&refresh_token=f6acfcdf&x-expires=1755352800&x-signature=7q%2F%2BY%2B1HvKaWCW%2F3fNOWwP16HSo%3D&t=4d5b0474&ps=13740610&shp=30310797&shcp=ff37627b&idc=my,l√† vui d·ªØ ch∆∞a ?,0.0,15-08-2025,,https://www.tiktok.com/@miecualinh/video/7537676496240938258,POS
@cuoilieu84,https://p16-sign-sg.tiktokcdn.com/tos-alisg-avt-0068/66e61598cd0d29b4d64afbb3e348747d~tplv-tiktokx-cropcenter:100:100.jpg?dr=14579&refresh_token=7b84f4e5&x-expires=1755352800&x-signature=Q3M4wQy58OSjaG6hlqYJwAPhVfw%3D&t=4d5b0474&ps=13740610&shp=30310797&shcp=ff37627b&idc=my,xem ƒëi l·∫°i c∆∞·ªùi m√£i,0.0,15-08-2025,,https://www.tiktok.com/@miecualinh/video/7537676496240938258,POS
@dybvwox2ywi9,https://p9-sign-sg.tiktokcdn.com/tos-alisg-avt-0068/82203aeaa2bb429c8d927eeb8f0baf1e~tplv-tiktokx-cropcenter:100:100.jpg?dr=14579&refresh_token=a82d7026&x-expires=1755352800&x-signature=xfsY04HE%2Fhr6mqLUYdcmR4%2F4%2FNE%3D&t=4d5b0474&ps=13740610&shp=30310797&shcp=ff37627b&idc=my,thg n√†o t√¨m ki·∫øm miecualinh ƒë√≥ng phim v·∫≠y ?,0.0,13-08-2025,,https://www.tiktok.com/@miecualinh/video/7537676496240938258,POS
@thanhthuy..203,https://p16-sign-sg.tiktokcdn.com/tos-alisg-avt-0068/f78fd5ab94d8a550af5f153f0240ff4b~tplv-tiktokx-cropcenter:100:100.jpg?dr=14579&refresh_token=dd4216b7&x-expires=1755352800&x-signature=VX4o9heRatgtSDLe8gqVNK9fOIM%3D&t=4d5b0474&ps=13740610&shp=30310797&shcp=ff37627b&idc=my,√îng b√† c√≥ th√¥i ƒëi kh üòÖ c∆∞·ªùi ƒëau b·ª•ng,0.0,15-08-2025,,https://www.tiktok.com/@miecualinh/video/7537676496240938258,POS
@caonhung1982,https://p9-sign-sg.tiktokcdn.com/tos-alisg-avt-0068/7327329847796203528~tplv-tiktokx-cropcenter:100:100.jpg?dr=14579&refresh_token=fe6417a3&x-expires=1755352800&x-signature=kFSFpeDVmTR3zcldDTR81kI1DMc%3D&t=4d5b0474&ps=13740610&shp=30310797&shcp=ff37627b&idc=my,ƒê√°ng iu ü•∞,1.0,14-08-2025,,https://www.tiktok.com/@miecualinh/video/7537676496240938258,POS
@ngoc_diem.1209,https://p16-sign-sg.tiktokcdn.com/tos-alisg-avt-0068/92a2e96216c843750cfa378207a7010c~tplv-tiktokx-cropcenter:100:100.jpg?dr=14579&refresh_token=1bdf82e1&x-expires=1755352800&x-signature=KLqsonb5Af9KskmXKghLJ9siPiU%3D&t=4d5b0474&ps=13740610&shp=30310797&shcp=ff37627b&idc=my,·ªîng l√†m t√¢m l√≠ nh∆∞ng ·ªïng ko ch·ªãu ƒëx khi ·ªü nh√†,0.0,14-08-2025,,https://www.tiktok.com/@miecualinh/video/7537676496240938258,POS
@tragiang_13.03,https://p16-sign-sg.tiktokcdn.com/tos-alisg-avt-0068/f7ec9fb54288e4ee7fd68fa5c91ae76d~tplv-tiktokx-cropcenter:100:100.jpg?dr=14579&refresh_token=2c940e4c&x-expires=1755352800&x-signature=S7hed9AEV3x4Ig5I9NTrFkhijFY%3D&t=4d5b0474&ps=13740610&shp=30310797&shcp=ff37627b&idc=my,c√≥ v·∫ª l√¢y r·ªìi b√¢y ·∫°üòÇ,0.0,13-08-2025,,https://www.tiktok.com/@miecualinh/video/7537676496240938258,POS
@ka.kanh,https://p16-sign-sg.tiktokcdn.com/tos-alisg-avt-0068/32422c701508a98e0d352489f51373bc~tplv-tiktokx-cropcenter:100:100.jpg?dr=14579&refresh_token=fb342fb4&x-expires=1755352800&x-signature=eTaWkdwH1boBBHcz%2FZS85%2Bl4Qwo%3D&t=4d5b0474&ps=13740610&shp=30310797&shcp=ff37627b&idc=my,Nh√¨n k gi·ªëng ·ªïng kia ƒëang di·ªÖn ƒë√¢u kkk =))))))),94.0,13-08-2025,,https://www.tiktok.com/@miecualinh/video/7537676496240938258,POS
@lucy_nguyen0811,https://p16-sign-sg.tiktokcdn.com/tos-alisg-avt-0068/dadec1f9a4c0722db02604a8c8977943~tplv-tiktokx-cropcenter:100:100.jpg?dr=14579&refresh_token=3b7332a4&x-expires=1755352800&x-signature=PYFeuGkzxhH%2BprmdNplqH9u7zag%3D&t=4d5b0474&ps=13740610&shp=30310797&shcp=ff37627b&idc=my,ƒê√∫ng b√†i c·ªßa √¥ Linh n√™n √¥ bi·ªÉu c·∫£m th·∫≠t s·ª± üòÇ,0.0,14-08-2025,,https://www.tiktok.com/@miecualinh/video/7537676496240938258,POS
@duykhanh21509,https://p16-sign-sg.tiktokcdn.com/tos-alisg-avt-0068/4448e1a402948ef805e00925c7b5af6c~tplv-tiktokx-cropcenter:100:100.jpg?dr=14579&refresh_token=3fac0e8c&x-expires=1755352800&x-signature=ATZEsihLPTVlRTtIc27RSamdOek%3D&t=4d5b0474&ps=13740610&shp=30310797&shcp=ff37627b&idc=my,c√≥ ch·ªëng l·∫°i nh∆∞ng ko ƒë√°ng k·ªÉ anh √†üòå,145.0,12-08-2025,,https://www.tiktok.com/@miecualinh/video/7537676496240938258,NEG
@genie_9999,https://p16-sign-va.tiktokcdn.com/tos-maliva-avt-0068/14eaa6d2941a575389e7143ebea68a23~tplv-tiktokx-cropcenter:100:100.jpg?dr=14579&refresh_token=dc4b263b&x-expires=1755352800&x-signature=RBSv5Wcdb%2F6T9YsreCqZneOVgMk%3D&t=4d5b0474&ps=13740610&shp=30310797&shcp=ff37627b&idc=my,Mai huy ho√†ng nh∆∞ng nhi·ªÅu t√≥c h∆°n,5.0,13-08-2025,,https://www.tiktok.com/@miecualinh/video/7537676496240938258,POS
@lunna_3112,https://p16-sign-sg.tiktokcdn.com/tos-alisg-avt-0068/111a23a8e27d589d7ac4cf407da63773~tplv-tiktokx-cropcenter:100:100.jpg?dr=14579&refresh_token=d6acc41e&x-expires=1755352800&x-signature=SvXll7f6bJBOPijF7JoWT%2BBoMpc%3D&t=4d5b0474&ps=13740610&shp=30310797&shcp=ff37627b&idc=my,√î l√†m th·∫°c sƒ© t√¢m l√Ω m√† v·ªÅ nh√† anh ta l·∫°i hong gi·ªØ ƒë∆∞·ª£c t√¢m l√Ω üòÜüòÜüòÜ,383.0,12-08-2025,,https://www.tiktok.com/@miecualinh/video/7537676496240938258,POS
@lylyy_.299201,https://p16-common-sign-useastred.tiktokcdn-eu.com/tos-useast2a-avt-0068-giso/8128c0699a5f38f22875936fa7feb36f~tplv-tiktokx-cropcenter:100:100.jpg?dr=14579&refresh_token=4dee7bd0&x-expires=1755352800&x-signature=xyvKAo5QXahWq4zaaypEkqQFEJ8%3D&t=4d5b0474&ps=13740610&shp=30310797&shcp=ff37627b&idc=my,H√†i ch·∫øt ƒëi ƒëc ü§£,18.0,13-08-2025,,https://www.tiktok.com/@miecualinh/video/7537676496240938258,POS
@htyn_97,https://p16-sign-sg.tiktokcdn.com/tos-alisg-avt-0068/7ea525eccc61943fa5cbc84c7e6649f8~tplv-tiktokx-cropcenter:100:100.jpg?dr=14579&refresh_token=3c15f57c&x-expires=1755352800&x-signature=3sJ8WD82sf891t%2Fpp%2B9Ho3WCtAk%3D&t=4d5b0474&ps=13740610&shp=30310797&shcp=ff37627b&idc=my,K√™nh ·ªïng nh√¨n ng·∫ßu nhi√™u qua k√™nh vk ·ªïng nh√¨n nh∆∞ 2 con ng kh√°c nhauü§£,2.0,13-08-2025,,https://www.tiktok.com/@miecualinh/video/7537676496240938258,POS
@tremtrem3636,https://p16-sign-sg.tiktokcdn.com/tos-alisg-avt-0068/6d49d6e817777442c97622d47c325a88~tplv-tiktokx-cropcenter:100:100.jpg?dr=14579&refresh_token=15f9a1c3&x-expires=1755352800&x-signature=U8%2FQr90Ir95oe8Px4CltzC9oWuU%3D&t=4d5b0474&ps=13740610&shp=30310797&shcp=ff37627b&idc=my,rƒÉng kh·ªÉnh ni·ªÅng c√≥ b·ªã m·∫•t k mng,1.0,20-07-2025,,https://www.tiktok.com/@nghwang05/video/7528294168142171410,POS
@ntt58_08,https://p16-sign-sg.tiktokcdn.com/tos-alisg-avt-0068/e6efbc14330a447994b6f2c7d7d5268d~tplv-tiktokx-cropcenter:100:100.jpg?dr=14579&refresh_token=f5b8c334&x-expires=1755352800&x-signature=G2xrLVZOYAtEADVSTf5hJGHDUrw%3D&t=4d5b0474&ps=13740610&shp=30310797&shcp=ff37627b&idc=my,ƒë∆∞a ƒë√¢y t ch·ªãu kh·ªï cho,13.0,20-07-2025,,https://www.tiktok.com/@nghwang05/video/7528294168142171410,NEG
@kanaekocho4679,https://p16-sign-sg.tiktokcdn.com/tos-alisg-avt-0068/c3167d4ff59cf2ea798f3714d949ff27~tplv-tiktokx-cropcenter:100:100.jpg?dr=14579&refresh_token=25e5b51a&x-expires=1755352800&x-signature=CKXaoQASRGPvWugFhe2Y4cZ%2Bylw%3D&t=4d5b0474&ps=13740610&shp=30310797&shcp=ff37627b&idc=my,tao rƒÉng h√¥üò∂üò∂üò∂,0.0,15-08-2025,,https://www.tiktok.com/@nghwang05/video/7528294168142171410,POS
@0_hahaha_00,https://p9-sign-sg.tiktokcdn.com/tos-alisg-avt-0068/55109a880efcc35cea89ac58dd26b09e~tplv-tiktokx-cropcenter:100:100.jpg?dr=14579&refresh_token=da7ac28d&x-expires=1755352800&x-signature=9%2BF1x65bs1wV1RbuuE5aF3UeqFo%3D&t=4d5b0474&ps=13740610&shp=30310797&shcp=ff37627b&idc=my,t th·∫•y rƒÉng kh·ªÉnh ƒë√°ng y√™u üò≠,27500.0,18-07-2025,,https://www.tiktok.com/@nghwang05/video/7528294168142171410,POS
@haibang972,https://p9-sign-sg.tiktokcdn.com/tos-alisg-avt-0068/6234d39497f81b6e4587491cc78839f1~tplv-tiktokx-cropcenter:100:100.jpg?dr=14579&refresh_token=6a308444&x-expires=1755352800&x-signature=Aapj5qCSCgvIG0dPmiCzD29A%2B2k%3D&t=4d5b0474&ps=13740610&shp=30310797&shcp=ff37627b&idc=my,T kh·ªÉnh 1 b√™nü•±,13.0,19-07-2025,,https://www.tiktok.com/@nghwang05/video/7528294168142171410,POS
@tnxinhyeuu_,https://p9-sign-sg.tiktokcdn.com/tos-alisg-avt-0068/86efa0ef5cd9f5ac67ca348cc09ca2f0~tplv-tiktokx-cropcenter:100:100.jpg?dr=14579&refresh_token=11cb4422&x-expires=1755352800&x-signature=Y9BFdH1zWhfEpRGvnuK9TUICr0k%3D&t=4d5b0474&ps=13740610&shp=30310797&shcp=ff37627b&idc=my,nhung ma t th·∫•y m·∫•y ng∆∞·ªùi c√≥ rƒÉng kh·ªÉnh c√≥ c√°i m√¥i tr√¥ngg iu v√£ii √≤,196.0,19-07-2025,,https://www.tiktok.com/@nghwang05/video/7528294168142171410,POS
@baobinht2....0_0,https://p9-sign-sg.tiktokcdn.com/tos-alisg-avt-0068/cd6930bbad0ca5e63b954faa6a56e5eb~tplv-tiktokx-cropcenter:100:100.jpg?dr=14579&refresh_token=a8459ab7&x-expires=1755352800&x-signature=XZEzHtxZrl0uK%2BFim8b4jJGQQbI%3D&t=4d5b0474&ps=13740610&shp=30310797&shcp=ff37627b&idc=my,mik c√≥ 4 c√°i rƒÉng ch√≥,63.0,20-07-2025,,https://www.tiktok.com/@nghwang05/video/7528294168142171410,NEG
@its.tons_,https://p16-sign-sg.tiktokcdn.com/tos-alisg-avt-0068/92e02e5981c7b39a9b80085e01e2d908~tplv-tiktokx-cropcenter:100:100.jpg?dr=14579&refresh_token=bbdd15fc&x-expires=1755352800&x-signature=iYpT0IdGVojhZImUT8C4Ef%2B%2FJ10%3D&t=4d5b0474&ps=13740610&shp=30310797&shcp=ff37627b&idc=my,rƒÉng kh·ªÉnh h·ªìi x∆∞a ƒëi h·ªçc b·ªã ƒë·ªìn l√† ma c√† r·ªìng gi·∫£ l√†m con ng∆∞·ªùi =)),1.0,19-07-2025,,https://www.tiktok.com/@nghwang05/video/7528294168142171410,NEG
@nhhh11110,https://p9-sign-sg.tiktokcdn.com/tos-alisg-avt-0068/cd444d38056c023391de0cf3899d52b7~tplv-tiktokx-cropcenter:100:100.jpg?dr=14579&refresh_token=7be03183&x-expires=1755352800&x-signature=jRl%2FY2juvt5%2FmBXFLKpTlagidSk%3D&t=4d5b0474&ps=13740610&shp=30310797&shcp=ff37627b&idc=my,ü•∞ N·ªói kh·ªï m·∫•y ai hi·ªÉu,2.0,18-07-2025,,https://www.tiktok.com/@nghwang05/video/7528294168142171410,POS
@hanhcotu,https://p9-sign-sg.tiktokcdn.com/tos-alisg-avt-0068/b659892674b07568403147445ad87f7e~tplv-tiktokx-cropcenter:100:100.jpg?dr=14579&refresh_token=9fae71a3&x-expires=1755352800&x-signature=NuzprpDjcitXBjY06YydIZGluRE%3D&t=4d5b0474&ps=13740610&shp=30310797&shcp=ff37627b&idc=my,T rƒÉng ch√≥ ƒë√¢y n√†y ‚ò∫Ô∏èü•∞üò≠,0.0,09-08-2025,,https://www.tiktok.com/@nghwang05/video/7528294168142171410,POS
@ph.trung2710,https://p16-sign-sg.tiktokcdn.com/tos-alisg-avt-0068/b947a30b8465c95a0b44e4236abb820f~tplv-tiktokx-cropcenter:100:100.jpg?dr=14579&refresh_token=4853361f&x-expires=1755352800&x-signature=imugAyeHTBn8ayiK7O4ztMuGMxA%3D&t=4d5b0474&ps=13740610&shp=30310797&shcp=ff37627b&idc=my,chung s·ªë ph·∫≠n rƒÉng kh·ªÉnhüò≠,13.0,19-07-2025,,https://www.tiktok.com/@nghwang05/video/7528294168142171410,NEG
@minhthuyyyy,https://p9-sign-sg.tiktokcdn.com/tos-alisg-avt-0068/25ffefdc832ac2a54b4c7df848e82b71~tplv-tiktokx-cropcenter:100:100.jpg?dr=14579&refresh_token=0e671622&x-expires=1755352800&x-signature=7rB44y6%2FxZh5v5iFsXtvDZejHBM%3D&t=4d5b0474&ps=13740610&shp=30310797&shcp=ff37627b&idc=my,cx m√∫n c√≥ n·ªói kh·ªï n√†yüò≠,1.0,19-07-2025,,https://www.tiktok.com/@nghwang05/video/7528294168142171410,NEG
@_iw.qnhucte_,https://p16-sign-sg.tiktokcdn.com/tos-alisg-avt-0068/c507f3552135035704c063024d8960cf~tplv-tiktokx-cropcenter:100:100.jpg?dr=14579&refresh_token=785ce94f&x-expires=1755352800&x-signature=464DnxanVhSVvP1uw%2FXD9hjhrxw%3D&t=4d5b0474&ps=13740610&shp=30310797&shcp=ff37627b&idc=my,rƒÉng gi·ªëng t vayüò≠,1.0,19-07-2025,,https://www.tiktok.com/@nghwang05/video/7528294168142171410,POS
@khly169,https://p16-sign-sg.tiktokcdn.com/tos-alisg-avt-0068/ad25e04f188fdc0f181a483d0e31ff63~tplv-tiktokx-cropcenter:100:100.jpg?dr=14579&refresh_token=86d2d2bd&x-expires=1755352800&x-signature=oPlx9EcVyLyLn9qFlTqdj%2FyS6d0%3D&t=4d5b0474&ps=13740610&shp=30310797&shcp=ff37627b&idc=my,T uoc c√≥ rƒÉng kh·ªÉnh c√≤n ch·∫£ ƒëc:)),19.0,19-07-2025,,https://www.tiktok.com/@nghwang05/video/7528294168142171410,POS
@phnhun_88,https://p16-sign-sg.tiktokcdn.com/tos-alisg-avt-0068/70f584990ae2857239252e2212d7234b~tplv-tiktokx-cropcenter:100:100.jpg?dr=14579&refresh_token=8128df2d&x-expires=1755352800&x-signature=LnoSbGhXWT6LmFK1DWN9b%2BENSkA%3D&t=4d5b0474&ps=13740610&shp=30310797&shcp=ff37627b&idc=my,c√≥ ai c√≥ rƒÉng kh·ªÉnh xong r hay b·ªã nhi·ªát koüòÅ,1.0,20-07-2025,,https://www.tiktok.com/@nghwang05/video/7528294168142171410,POS
@ryuji_kun0,https://p16-sign-sg.tiktokcdn.com/tos-alisg-avt-0068/ce3f7182ca04cb59282344f72cb615a8~tplv-tiktokx-cropcenter:100:100.jpg?dr=14579&refresh_token=a204fbf8&x-expires=1755352800&x-signature=KGRumrIPVxsh6zTGEBqYNYVCxDc%3D&t=4d5b0474&ps=13740610&shp=30310797&shcp=ff37627b&idc=my,Ai c√≥ rƒÉng kh·ªÉnh ƒë√¢u m√† btüòÇüòÇ,5.0,19-07-2025,,https://www.tiktok.com/@nghwang05/video/7528294168142171410,POS
@usuikatumi,https://p16-sign-sg.tiktokcdn.com/tos-alisg-avt-0068/b4521715811401e37a254121ab0a9429~tplv-tiktokx-cropcenter:100:100.jpg?dr=14579&refresh_token=bcba451a&x-expires=1755352800&x-signature=Rrt4U%2B7Vdz8INAd2z3G9AO1jYRg%3D&t=4d5b0474&ps=13740610&shp=30310797&shcp=ff37627b&idc=my,Thoai th√¨ c√≥ c√≤n h∆°n k,1.0,20-07-2025,,https://www.tiktok.com/@nghwang05/video/7528294168142171410,POS
@huongnguyen_2511,https://p16-sign-sg.tiktokcdn.com/tos-alisg-avt-0068/9869fbcb5a09d8908856b0d0b9928956~tplv-tiktokx-cropcenter:100:100.jpg?dr=14579&refresh_token=df18de3a&x-expires=1755352800&x-signature=%2Bb94i1psrqiHhym8rgpHIElvL%2F4%3D&t=4d5b0474&ps=13740610&shp=30310797&shcp=ff37627b&idc=my,t kh·ªÉnh ·ªü h√†m d∆∞·ªõi ƒÉn c∆°m to√†n ƒë·∫≠p v√†o m√¥i tr√™n üôÇ,3.0,19-07-2025,,https://www.tiktok.com/@nghwang05/video/7528294168142171410,POS
@huyphat30cm,https://p16-sign-sg.tiktokcdn.com/tos-alisg-avt-0068/71fc24ef8d6f08ad893e68955790fb77~tplv-tiktokx-cropcenter:100:100.jpg?dr=14579&refresh_token=4e9b223b&x-expires=1755352800&x-signature=9PAKS7hn%2FOYUjGQ9CtlvSIn8qkw%3D&t=4d5b0474&ps=13740610&shp=30310797&shcp=ff37627b&idc=my,M√¨nh c√≥ nguy√™n con ch√≥ üò≥,5.0,20-07-2025,,https://www.tiktok.com/@nghwang05/video/7528294168142171410,NEU
@wyn_anh005,https://p16-sign-sg.tiktokcdn.com/tos-alisg-avt-0068/0a9213ef85fc53f09762b5160e97c90b~tplv-tiktokx-cropcenter:100:100.jpg?dr=14579&refresh_token=b86ba02d&x-expires=1755352800&x-signature=83tMMnJDl9VVZFat3n8gqovf8xs%3D&t=4d5b0474&ps=13740610&shp=30310797&shcp=ff37627b&idc=my,C∆∞·ªùi l√™n t cx k bi·∫øt sao m√† n√≥ d√≠nh ƒëcüåö,1.0,18-07-2025,,https://www.tiktok.com/@nghwang05/video/7528294168142171410,POS
@its.justcece,https://p16-sign-va.tiktokcdn.com/tos-maliva-avt-0068/c5c8d3f793d1a394f4818a5e580c0314~tplv-tiktokx-cropcenter:100:100.jpg?dr=14579&refresh_token=e9e20770&x-expires=1755352800&x-signature=I7YWNee26kJxHQtlNQkKZfmhRK4%3D&t=4d5b0474&ps=13740610&shp=30310797&shcp=ff37627b&idc=my,and who taught him that,219700.0,06-08-2025,,https://www.tiktok.com/@areskx777/video/7535273606968855863,POS
@sxmebxdy.1,https://p16-sign-va.tiktokcdn.com/tos-maliva-avt-0068/dc1edca6173eac10c51d27858b19e311~tplv-tiktokx-cropcenter:100:100.jpg?dr=14579&refresh_token=33a7f94d&x-expires=1755352800&x-signature=6VTNbTN1hTguGdZbWSDN8i6dzJU%3D&t=4d5b0474&ps=13740610&shp=30310797&shcp=ff37627b&idc=my,[photo],87600.0,06-08-2025,,https://www.tiktok.com/@areskx777/video/7535273606968855863,POS
@yamarysjuarez2918,https://p16-sign-va.tiktokcdn.com/tos-maliva-avt-0068/a4db948f2c31bfb7bca652655eca52e5~tplv-tiktokx-cropcenter:100:100.jpg?dr=14579&refresh_token=0d3bdd22&x-expires=1755352800&x-signature=E%2FQtgDuJ3y5tGPjirccbvuje2g4%3D&t=4d5b0474&ps=13740610&shp=30310797&shcp=ff37627b&idc=my,IA o Real? üòÇ,116.0,06-08-2025,,https://www.tiktok.com/@areskx777/video/7535273606968855863,POS
@hazelady30,https://p16-common-sign-useastred.tiktokcdn-eu.com/tos-useast2a-avt-0068-euttp/71f93eca10fdf30a9eda47dac0f2e338~tplv-tiktokx-cropcenter:100:100.jpg?dr=14579&refresh_token=d4ef88ad&x-expires=1755352800&x-signature=G0%2BSsU7rJz9xLZG3d0XpBjTPAF8%3D&t=4d5b0474&ps=13740610&shp=30310797&shcp=ff37627b&idc=my,[photo],46600.0,06-08-2025,,https://www.tiktok.com/@areskx777/video/7535273606968855863,POS
@medzosavage,https://p16-sign-va.tiktokcdn.com/tos-maliva-avt-0068/110a36027eda1f053394f8406e178f9d~tplv-tiktokx-cropcenter:100:100.jpg?dr=14579&refresh_token=1d05dcf2&x-expires=1755352800&x-signature=G8X6lJAKXUU%2FRnG0DtrDW7uEsnc%3D&t=4d5b0474&ps=13740610&shp=30310797&shcp=ff37627b&idc=my,nothing beats a jet 2 holiday [photo],410.0,06-08-2025,,https://www.tiktok.com/@areskx777/video/7535273606968855863,POS
@619original,https://p16-sign-va.tiktokcdn.com/tos-maliva-avt-0068/3b5bcc849a2830b4cdb39ab5da813b58~tplv-tiktokx-cropcenter:100:100.jpg?dr=14579&refresh_token=950280b5&x-expires=1755352800&x-signature=FCYgsm7eF1DRdPNFF1bEzenOivo%3D&t=4d5b0474&ps=13740610&shp=30310797&shcp=ff37627b&idc=my,I hope this is real and not AI,400.0,06-08-2025,,https://www.tiktok.com/@areskx777/video/7535273606968855863,NEG
@ybrezzytv,https://p16-sign-va.tiktokcdn.com/tos-maliva-avt-0068/f16a796ed82de23b49f52f99a1c30039~tplv-tiktokx-cropcenter:100:100.jpg?dr=14579&refresh_token=b000a26f&x-expires=1755352800&x-signature=axjtqysExU1egpdY2YTPbVMLWNM%3D&t=4d5b0474&ps=13740610&shp=30310797&shcp=ff37627b&idc=my,[photo],64700.0,06-08-2025,,https://www.tiktok.com/@areskx777/video/7535273606968855863,POS
@lifewithgolden8,https://p16-sign-va.tiktokcdn.com/tos-maliva-avt-0068/b944dba43db229f7e4cb23b5f7d2f027~tplv-tiktokx-cropcenter:100:100.jpg?dr=14579&refresh_token=27644f1f&x-expires=1755352800&x-signature=72qNkFA8j4akZDpWQh6U7QNJQ%2Fw%3D&t=4d5b0474&ps=13740610&shp=30310797&shcp=ff37627b&idc=my,That‚Äôs a human being in that suit idc üò≠üò≠üò≠üò≠ [photo],22000.0,06-08-2025,,https://www.tiktok.com/@areskx777/video/7535273606968855863,NEG
@theanixs,https://p16-sign-sg.tiktokcdn.com/tos-alisg-avt-0068/885fdaaf747cbf6c3226445720250fca~tplv-tiktokx-cropcenter:100:100.jpg?dr=14579&refresh_token=084373bc&x-expires=1755352800&x-signature=sXwZLzKAJlpZ6ik6CtzfbOb6rDs%3D&t=4d5b0474&ps=13740610&shp=30310797&shcp=ff37627b&idc=my,‚ÄúOH PUT IT DOWN!‚Äù,26300.0,06-08-2025,,https://www.tiktok.com/@areskx777/video/7535273606968855863,NEU
@adri_chavez225,https://p16-sign-va.tiktokcdn.com/tos-maliva-avt-0068/7347399767510482987~tplv-tiktokx-cropcenter:100:100.jpg?dr=14579&refresh_token=00bf0ae8&x-expires=1755352800&x-signature=1J8QkzUTI%2F2vt8WnZhfYARTaHPo%3D&t=4d5b0474&ps=13740610&shp=30310797&shcp=ff37627b&idc=my,it's him staying completely still for meüò≠üò≠ he's making sure all y'all saw it,40300.0,06-08-2025,,https://www.tiktok.com/@areskx777/video/7535273606968855863,POS
@mpeeps_ttv,https://p16-sign-va.tiktokcdn.com/tos-maliva-avt-0068/35d09d07f4b4b6aa0fa545bb8617f04e~tplv-tiktokx-cropcenter:100:100.jpg?dr=14579&refresh_token=c25923a9&x-expires=1755352800&x-signature=p8%2BnWtSBmWGlWfIrRKSrd0tfczA%3D&t=4d5b0474&ps=13740610&shp=30310797&shcp=ff37627b&idc=my,[photo],7564.0,06-08-2025,,https://www.tiktok.com/@areskx777/video/7535273606968855863,POS
@diepleaseandtanks,https://p16-sign-va.tiktokcdn.com/tos-maliva-avt-0068/39e42d0f9b76f349944015117c9d855a~tplv-tiktokx-cropcenter:100:100.jpg?dr=14579&refresh_token=d2b1f7fb&x-expires=1755352800&x-signature=6bgAC25ESzQ%2FBoOhFqyYmytcea4%3D&t=4d5b0474&ps=13740610&shp=30310797&shcp=ff37627b&idc=my,[photo],29200.0,06-08-2025,,https://www.tiktok.com/@areskx777/video/7535273606968855863,POS
@bigchungus8883,https://p16-sign-va.tiktokcdn.com/tos-maliva-avt-0068/8e147d41d2d264620b0f9ec1bdb1920d~tplv-tiktokx-cropcenter:100:100.jpg?dr=14579&refresh_token=8cb83cd7&x-expires=1755352800&x-signature=57Msd6V%2FaMoMhFLj2mSW8zO0VNU%3D&t=4d5b0474&ps=13740610&shp=30310797&shcp=ff37627b&idc=my,[photo],19700.0,06-08-2025,,https://www.tiktok.com/@areskx777/video/7535273606968855863,POS
@knightmaster2424,https://p16-sign-va.tiktokcdn.com/tos-maliva-avt-0068/6ba01f940af52b36775dcf0dda4d9209~tplv-tiktokx-cropcenter:100:100.jpg?dr=14579&refresh_token=c6850b80&x-expires=1755352800&x-signature=C28gl2t24SxgBWdHUAAMCVL9Tak%3D&t=4d5b0474&ps=13740610&shp=30310797&shcp=ff37627b&idc=my,Bro es este [photo],91.0,10-08-2025,,https://www.tiktok.com/@areskx777/video/7535273606968855863,POS
@bobbybates7,https://p16-sign-sg.tiktokcdn.com/tos-alisg-avt-0068/44149643e8a7b2587ff038c14fd2fd8d~tplv-tiktokx-cropcenter:100:100.jpg?dr=14579&refresh_token=a7e7af95&x-expires=1755352800&x-signature=dn5nj9ndekS%2FZysPRtjpSPhTQGs%3D&t=4d5b0474&ps=13740610&shp=30310797&shcp=ff37627b&idc=my,it's giving George from rampage üíÄ,1616.0,06-08-2025,,https://www.tiktok.com/@areskx777/video/7535273606968855863,NEU
@fabinho_33tucoco,https://p16-sign-va.tiktokcdn.com/tos-maliva-avt-0068/ed483c70160ad5bba332a791b96a03c9~tplv-tiktokx-cropcenter:100:100.jpg?dr=14579&refresh_token=0979c42f&x-expires=1755352800&x-signature=%2B%2BA0FJe04dW0PLdE2x1RVnkt4D8%3D&t=4d5b0474&ps=13740610&shp=30310797&shcp=ff37627b&idc=my,absolutely amazing [photo],1359.0,07-08-2025,,https://www.tiktok.com/@areskx777/video/7535273606968855863,POS
@v__030,https://p16-sign-va.tiktokcdn.com/tos-maliva-avt-0068/a73e0271758505ebfbdd1c27c8baa324~tplv-tiktokx-cropcenter:100:100.jpg?dr=14579&refresh_token=ca80874e&x-expires=1755352800&x-signature=tXij0XYfu7TN6ODT9gdc5GGbq90%3D&t=4d5b0474&ps=13740610&shp=30310797&shcp=ff37627b&idc=my,These comments im crying ‚ú®,16.0,06-08-2025,,https://www.tiktok.com/@areskx777/video/7535273606968855863,NEU
@aylin_edits03,https://p16-sign-va.tiktokcdn.com/tos-maliva-avt-0068/3d5f561abe9a94f4fa9a7119e96bc15c~tplv-tiktokx-cropcenter:100:100.jpg?dr=14579&refresh_token=da39b740&x-expires=1755352800&x-signature=MRm2UuyLmzaos7O5XAsThZlnqeI%3D&t=4d5b0474&ps=13740610&shp=30310797&shcp=ff37627b&idc=my,Pero yo solo iba pasando por aqu√≠ [photo],41.0,09-08-2025,,https://www.tiktok.com/@areskx777/video/7535273606968855863,NEG
@odamtten,https://p16-sign-va.tiktokcdn.com/tos-maliva-avt-0068/24d6f1e1750a385fdc14fa703a54db34~tplv-tiktokx-cropcenter:100:100.jpg?dr=14579&refresh_token=d5c096b0&x-expires=1755352800&x-signature=fPFJRENoCuIkkdqEqSUx4OLTPUw%3D&t=4d5b0474&ps=13740610&shp=30310797&shcp=ff37627b&idc=my,‚ÄúOh put it down‚Äù üò≠üò≠üòÇ,7.0,08-08-2025,,https://www.tiktok.com/@areskx777/video/7535273606968855863,POS
@.4dam33,https://p16-sign-va.tiktokcdn.com/tos-maliva-avt-0068/ac9471a43b9b4c996764b50fb4dff28a~tplv-tiktokx-cropcenter:100:100.jpg?dr=14579&refresh_token=de7be943&x-expires=1755352800&x-signature=vuBig%2BQH9SJyEyExoN2Zn%2FHqwRU%3D&t=4d5b0474&ps=13740610&shp=30310797&shcp=ff37627b&idc=my,the cameraü§£ [photo],5795.0,06-08-2025,,https://www.tiktok.com/@areskx777/video/7535273606968855863,NEU
@dautaycute23.5,https://p16-sign-sg.tiktokcdn.com/tos-alisg-avt-0068/1e70e400a5c0ad34e3a7d74a3fc4695f~tplv-tiktokx-cropcenter:100:100.jpg?dr=14579&refresh_token=91854177&x-expires=1755352800&x-signature=FBJ5sOb%2BjFvVdhzjw9ybT9yLbnM%3D&t=4d5b0474&ps=13740610&shp=30310797&shcp=ff37627b&idc=my,c√¥ng s·ª©c e tr·∫£i c√°i gar gi∆∞·ªùng üòÇ n·ªïi bu·ªìn c·ªßa Hk,0.0,12-08-2025,,https://www.tiktok.com/@dai.an.louis.a/video/7536522880897518855,POS
@hangvo340,https://p16-sign-sg.tiktokcdn.com/tos-alisg-avt-0068/9c955df47c770ce76ce8edf262887e5b~tplv-tiktokx-cropcenter:100:100.jpg?dr=14579&refresh_token=d3839948&x-expires=1755352800&x-signature=Db%2FT34oGUGDEq9RanOf5fdZfWeY%3D&t=4d5b0474&ps=13740610&shp=30310797&shcp=ff37627b&idc=my,"Y t lu√¥n ƒë√≥, t gi·∫≠t n√≥ l√™n mu·ªën b·∫±ng c·∫£ t√≠nh m·∫°ng ü§£",0.0,14-08-2025,,https://www.tiktok.com/@dai.an.louis.a/video/7536522880897518855,POS
@_annyeong_bi2,https://p16-sign-sg.tiktokcdn.com/tos-alisg-avt-0068/ef8b5e20cfad5ec6ae8aa1eccab704c4~tplv-tiktokx-cropcenter:100:100.jpg?dr=14579&refresh_token=29c7e30b&x-expires=1755352800&x-signature=tIWhThMQpptcJH9p%2FmswFcCgCeg%3D&t=4d5b0474&ps=13740610&shp=30310797&shcp=ff37627b&idc=my,gi·ªù nh√¨n l·∫°i th·∫•y anh √°o ƒëen c≈©ng ƒë·∫πp trai,0.0,11-08-2025,,https://www.tiktok.com/@dai.an.louis.a/video/7536522880897518855,POS
@lingghamoi_2809,https://p16-sign-sg.tiktokcdn.com/tos-alisg-avt-0068/219aab4fc628f8b8a592e9355415153d~tplv-tiktokx-cropcenter:100:100.jpg?dr=14579&refresh_token=3f7296e5&x-expires=1755352800&x-signature=5e57HW%2FGylWzpZ%2BfQFVHF9L1C%2FE%3D&t=4d5b0474&ps=13740610&shp=30310797&shcp=ff37627b&idc=my,g·ªëi ƒëen ƒë√≥ lmh v mn,77.0,09-08-2025,,https://www.tiktok.com/@dai.an.louis.a/video/7536522880897518855,POS
@___12th10___,https://p9-sign-sg.tiktokcdn.com/tos-alisg-avt-0068/8569bc1656e49f8e870234929fffcf82~tplv-tiktokx-cropcenter:100:100.jpg?dr=14579&refresh_token=9ccf5234&x-expires=1755352800&x-signature=o%2Fe20Mq5dXfzRrIRXD9flx%2BV6%2Bc%3D&t=4d5b0474&ps=13740610&shp=30310797&shcp=ff37627b&idc=my,thi·∫øu m·ªói c√°i g·ªëi √¥mü•∞,20.0,11-08-2025,,https://www.tiktok.com/@dai.an.louis.a/video/7536522880897518855,POS
@chanh18.401,https://p16-sign-sg.tiktokcdn.com/tos-alisg-avt-0068/e2523e9f0937f24eb7810578e78be53b~tplv-tiktokx-cropcenter:100:100.jpg?dr=14579&refresh_token=16aac513&x-expires=1755352800&x-signature=NuAv4Nut70oEF37RotnjXs2N07s%3D&t=4d5b0474&ps=13740610&shp=30310797&shcp=ff37627b&idc=my,c√°i m·ªÅn nh√©t ch·∫∑t mu·ªën ng·ªçp th·ªü m√† ·ªïng d·ª©c ƒëc l√™n l√† hay l·∫Øm ƒë√≥ üòÇ,1.0,11-08-2025,,https://www.tiktok.com/@dai.an.louis.a/video/7536522880897518855,POS
@myaa_nek,https://p16-sign-sg.tiktokcdn.com/tos-alisg-avt-0068/ad6371f99eeb62a2fe49255d5982f087~tplv-tiktokx-cropcenter:100:100.jpg?dr=14579&refresh_token=a207d31d&x-expires=1755352800&x-signature=RpkO5Xri0kKnDA3DVQuLq9w8ro4%3D&t=4d5b0474&ps=13740610&shp=30310797&shcp=ff37627b&idc=my,√ä t∆∞·ªüng mik t z,0.0,13-08-2025,,https://www.tiktok.com/@dai.an.louis.a/video/7536522880897518855,POS
@jun.399,https://p16-sign-va.tiktokcdn.com/tos-maliva-avt-0068/f44a2abf033c06051a3f7050789c6f0f~tplv-tiktokx-cropcenter:100:100.jpg?dr=14579&refresh_token=250793b2&x-expires=1755352800&x-signature=z1Isn%2BTY5oX%2BpAhgnn9TGLAFoJE%3D&t=4d5b0474&ps=13740610&shp=30310797&shcp=ff37627b&idc=my,"Gi·ªëng tui z·ªã ch·ªùi, c√°i n·∫øt ƒë√≥ ƒë√≥ ü§£ü§£",0.0,12-08-2025,,https://www.tiktok.com/@dai.an.louis.a/video/7536522880897518855,POS
@dongnghi31072013,https://p16-sign-sg.tiktokcdn.com/tos-alisg-avt-0068/cb853d2f6716e36bf737ceb6bbebfe42~tplv-tiktokx-cropcenter:100:100.jpg?dr=14579&refresh_token=a2e3b7cb&x-expires=1755352800&x-signature=WlI1qlYdkymepZ5zhPUug%2B7e45Y%3D&t=4d5b0474&ps=13740610&shp=30310797&shcp=ff37627b&idc=my,ko c√≥ g·ªëi √¥m ng·ªß ko ƒëc √°,0.0,14-08-2025,,https://www.tiktok.com/@dai.an.louis.a/video/7536522880897518855,NEG
@ngothuhang.8989,https://p16-sign-sg.tiktokcdn.com/tos-alisg-avt-0068/34d12b801b98f77f6b8bdfabafb3ee38~tplv-tiktokx-cropcenter:100:100.jpg?dr=14579&refresh_token=f6a2f5e9&x-expires=1755352800&x-signature=qZvq4Zvz3Klb3AF4qMXhBZIQDYg%3D&t=4d5b0474&ps=13740610&shp=30310797&shcp=ff37627b&idc=my,"ChƒÉn g·ªëi ·ªü ks. ƒê·∫Øp th√¨ n√≥ng b√≠,k ƒë·∫Øp th√¨ l·∫°nh",114.0,11-08-2025,,https://www.tiktok.com/@dai.an.louis.a/video/7536522880897518855,NEG
@bongthui3,https://p9-sign-sg.tiktokcdn.com/tos-alisg-avt-0068/bde935338902a017d69174e90ff41677~tplv-tiktokx-cropcenter:100:100.jpg?dr=14579&refresh_token=26609320&x-expires=1755352800&x-signature=2IMpQZONPjW%2BUWQizYlUANXw5Ek%3D&t=4d5b0474&ps=13740610&shp=30310797&shcp=ff37627b&idc=my,em b·ªã OCD √°,0.0,12-08-2025,,https://www.tiktok.com/@dai.an.louis.a/video/7536522880897518855,NEG
@lmg.ayaa,https://p16-sign-sg.tiktokcdn.com/tos-alisg-avt-0068/6948d39eec96be3dc0b78fabf2e69aeb~tplv-tiktokx-cropcenter:100:100.jpg?dr=14579&refresh_token=e3641e49&x-expires=1755352800&x-signature=gP2Gru%2BI4HzRl%2FNJsGy4Li0LZ5c%3D&t=4d5b0474&ps=13740610&shp=30310797&shcp=ff37627b&idc=my,ai d·ªã mn ƒë√¢y ƒë√¢u ph·∫£i anh √°o ƒëen ƒë√¢u=),163.0,09-08-2025,,https://www.tiktok.com/@dai.an.louis.a/video/7536522880897518855,POS
@copemuadong74,https://p16-sign-sg.tiktokcdn.com/tos-alisg-avt-0068/2e4a48840b0ab4566d8a78e5b31d2f27~tplv-tiktokx-cropcenter:100:100.jpg?dr=14579&refresh_token=e81dfbe8&x-expires=1755352800&x-signature=jc1xbDAPt87ckDasaW9ugRd%2FPlo%3D&t=4d5b0474&ps=13740610&shp=30310797&shcp=ff37627b&idc=my,kh√°ch s·∫°n kh·ªï nh·∫•t th·∫ø gi·ªõi:),0.0,13-08-2025,,https://www.tiktok.com/@dai.an.louis.a/video/7536522880897518855,POS
@tuenhi5586,https://p16-sign-sg.tiktokcdn.com/tos-alisg-avt-0068/22ab101609dcf5c836c2e9a2e64f8c44~tplv-tiktokx-cropcenter:100:100.jpg?dr=14579&refresh_token=aab58f79&x-expires=1755352800&x-signature=cbE06wsZ7WN9V6wmfUuTlRAVurY%3D&t=4d5b0474&ps=13740610&shp=30310797&shcp=ff37627b&idc=my,"Ch·∫£ hi·ªÉu trong ks ƒë·∫Øp th√¨ n√≥ng m√† hk ƒë·∫Øp th√¨ l·∫°nh , z n√™n ƒë·∫Øp hay küòÇ",0.0,11-08-2025,,https://www.tiktok.com/@dai.an.louis.a/video/7536522880897518855,NEG
@useryi0969fg9m,https://p9-sign-sg.tiktokcdn.com/tos-alisg-avt-0068/afcb031a48ce85b4a5861c7013407faa~tplv-tiktokx-cropcenter:100:100.jpg?dr=14579&refresh_token=cf72bbed&x-expires=1755352800&x-signature=8wP8ZW9IjtDlBfwsN4HuPiJ07Vw%3D&t=4d5b0474&ps=13740610&shp=30310797&shcp=ff37627b&idc=my,"ƒëang n·∫±m kh√°ch s·∫°n th√¨ l∆∞·ªõt tr√∫ng clip n√†y th·∫•y i chang lun, kh√≥ ch·ªáu v√¥ c√πng üòÇ",0.0,10-08-2025,,https://www.tiktok.com/@dai.an.louis.a/video/7536522880897518855,POS
@thuyduong620,https://p16-sign-sg.tiktokcdn.com/tos-alisg-avt-0068/c3d9161b31cacc052bb85c7a09e501d0~tplv-tiktokx-cropcenter:100:100.jpg?dr=14579&refresh_token=e2f19ce9&x-expires=1755352800&x-signature=CtBYFtVUzXypyPOW2NVDPRRlFbA%3D&t=4d5b0474&ps=13740610&shp=30310797&shcp=ff37627b&idc=my,c√°i g·ªëi k·ªÉ l·∫°i kh√¥ng ai tin,1051.0,09-08-2025,,https://www.tiktok.com/@dai.an.louis.a/video/7536522880897518855,NEU
@missyou_.24h,https://p16-sign-sg.tiktokcdn.com/tos-alisg-avt-0068/6fde80f11edd4bbbada9594edc4c54ec~tplv-tiktokx-cropcenter:100:100.jpg?dr=14579&refresh_token=fafe9af0&x-expires=1755352800&x-signature=nwRl9olCfsCDNSe4NrFlgRftr%2FI%3D&t=4d5b0474&ps=13740610&shp=30310797&shcp=ff37627b&idc=my,c√≤n k cs g·ªëi √¥m nx tr,0.0,11-08-2025,,https://www.tiktok.com/@dai.an.louis.a/video/7536522880897518855,POS
@jennyanhthu24.anh,https://p16-sign-sg.tiktokcdn.com/tos-alisg-avt-0068/215cc0c3bf72b9d1e2ea50d9c40f4faf~tplv-tiktokx-cropcenter:100:100.jpg?dr=14579&refresh_token=8b55c74e&x-expires=1755352800&x-signature=YQqhSKiq04bhr9jsK2GR1oyAyPs%3D&t=4d5b0474&ps=13740610&shp=30310797&shcp=ff37627b&idc=my,s·ªõm anh ∆°i,1.0,09-08-2025,,https://www.tiktok.com/@dai.an.louis.a/video/7536522880897518855,POS
@deptraihocgioinhieutien,https://p16-sign-sg.tiktokcdn.com/tos-alisg-avt-0068/6fbc78cd822c36017f8c47c5f2e16eda~tplv-tiktokx-cropcenter:100:100.jpg?dr=14579&refresh_token=2b2f994c&x-expires=1755352800&x-signature=CHFU%2FfbDrnLx%2Bfkl3TvvsmBHQgk%3D&t=4d5b0474&ps=13740610&shp=30310797&shcp=ff37627b&idc=my,"√ä tr ∆°ii ngta c·ª© gi·∫Øt gi·∫Øt c√°i chƒÉn v√†o ƒë·ªám kh√≥ ch·ªãu v√¥ c√πngg, t ng·ªß l√† t ph·∫£i ƒë·∫°p chƒÉn bung xo√£ tung bay ph·∫•p ph·ªõi lƒÉn l·ªôn t·ª´ tr√™n gi∆∞·ªùng xu·ªëng ƒë·∫•t c∆°üò≠üò≠üò≠",24.0,11-08-2025,,https://www.tiktok.com/@dai.an.louis.a/video/7536522880897518855,NEG
@_linio.dadna.2210_,https://p9-sign-sg.tiktokcdn.com/tos-alisg-avt-0068/cf6104857865cb8dc61c7368214c7f0f~tplv-tiktokx-cropcenter:100:100.jpg?dr=14579&refresh_token=d0c9ba8f&x-expires=1755352800&x-signature=wVod9sZhyd4BiGSDAFkRyY8bmFU%3D&t=4d5b0474&ps=13740610&shp=30310797&shcp=ff37627b&idc=my,t∆∞·ªüng trc h c√≥ mk t lm v·∫≠y ai ng·ªù t ko c√¥ ƒë∆°n,2.0,10-08-2025,,https://www.tiktok.com/@dai.an.louis.a/video/7536522880897518855,POS
