author,description,hashtags,music,engagement,video_url
"{'username': 'sapgaobaobao', 'nickname': 'Sáº¡p Gáº¡o Báº£o Báº£o'}",Tráº£ lá»i,"['@thuquynh887', '#phatla', '#degrey', '#vualidon']","{'title': 'nháº¡c ná»n  - Sáº¡p Gáº¡o Báº£o Báº£o', 'link': '/music/nháº¡c-ná»n-Sáº¡p-Gáº¡o-Báº£o-Báº£o-7523913522577705744'}","{'likes': '324.6K', 'comments': '4797', 'shares': '61.5K'}",https://www.tiktok.com/@sapgaobaobao/video/7523908343476325650
"{'username': 'plxhvn2', 'nickname': 'Tin NÃ³ng HÃ ng NgÃ y'}",Xe 04 Ä‘áº³ng cáº¥p tháº­t ğŸ˜‚,"['#giaothong', '#thibanglaixemay', '#phunu', '#haihuoc', '#vuive', '#vuinhon', '#haha', '#plxhvn', '#phapluatxahoi']","{'title': 'nháº¡c ná»n  - Tin NÃ³ng HÃ ng NgÃ y', 'link': '/music/nháº¡c-ná»n-Tin-NÃ³ng-HÃ ng-NgÃ y-7524219161837407031'}","{'likes': '138K', 'comments': '2002', 'shares': '19.2K'}",https://www.tiktok.com/@plxhvn2/video/7524219031616900366
"{'username': 'ngcuong379', 'nickname': 'Bá»‘ BÃ© Má»¡'}",,['@HÃ  PhÆ°á»£ng'],"{'title': 'nháº¡c ná»n - Too vÃ  nhá»¯ng chiáº¿c quáº§n ğŸ‘– - TÃ´ Nam Anh ğŸ€', 'link': '/music/nháº¡c-ná»n-Too-vÃ -nhá»¯ng-chiáº¿c-quáº§n-ğŸ‘–-7102354851752971035'}","{'likes': '981.2K', 'comments': '12.4K', 'shares': '460.4K'}",https://www.tiktok.com/@ngcuong379/video/7524911077809786128
"{'username': 'huongstore.06', 'nickname': 'Kem che khuyáº¿t Ä‘iá»ƒm ğŸ°'}",BÃ¹n váº­y,"['#kemchekhuyetdiem', '#chekhuyetdiemxuatsac', '#kemtrangda', '#xuhuongtiktok', '#chekhuyetdiem', '#kemchexam', '#nangtone']","{'title': 'Hoa Sa ÄÃ©c - ğ“‘ğ“¸Ì‚ğ“·ğ“°  ğŸŒ»', 'link': '/music/Hoa-Sa-ÄÃ©c-6998407967250975514'}","{'likes': '687.5K', 'comments': '7725', 'shares': '25.5K'}",https://www.tiktok.com/@huongstore.06/video/7525692408676224272
"{'username': 'dipquanne', 'nickname': 'Dá»‹p QuÃ¢n'}",NÃ© cÃ¡i tay gáº·p ngay cÃ¡i cá»™t,['#couple'],"{'title': 'nháº¡c ná»n  - Dá»‹p QuÃ¢n', 'link': '/music/nháº¡c-ná»n-Dá»‹p-QuÃ¢n-7524545593814469392'}","{'likes': '486.4K', 'comments': '8176', 'shares': '146.4K'}",https://www.tiktok.com/@dipquanne/video/7524545567163256082
"{'username': 'haisanthanhvan', 'nickname': 'haisanthanhvan'}",QuÃ¡ kinh khá»§ng chÆ°a Ä‘áº§y 15 dÃ¢y,['#giÃ´ngbÃ£o'],"{'title': 'æœ€æ–°äº‹ä»¶ç´§æ€¥æ’­æŠ¥æ–°é—»ç´§å¼ æ°”æ°›æˆ˜äº‰ - ä¼´å¥ - å¤§äº‹ä»¶çŸ­è§†é¢‘æ–°é—» èƒŒæ™¯éŸ³ä¹', 'link': '/music/æœ€æ–°äº‹ä»¶ç´§æ€¥æ’­æŠ¥æ–°é—»ç´§å¼ æ°”æ°›æˆ˜äº‰-ä¼´å¥-7361704778831169552'}","{'likes': '264.4K', 'comments': '5721', 'shares': '24.6K'}",https://www.tiktok.com/@haisanthanhvan/video/7525425296992963847
"{'username': 'phuonganhle305', 'nickname': 'Phanh nÃ¨ğŸŒ¸'}",Ai Ä‘Ã³ há»i 1 nÄƒm qua tÃ´i Ä‘Ã£ cá»‘ gáº¯ng nhÆ° nÃ o ğŸ˜™,['#fyp'],"{'title': 'nháº¡c ná»n  - Phanh nÃ¨ğŸŒ¸', 'link': '/music/nháº¡c-ná»n-Phanh-nÃ¨ğŸŒ¸-7525266232291904257'}","{'likes': '799.8K', 'comments': '3209', 'shares': '48.5K'}",https://www.tiktok.com/@phuonganhle305/video/7525261051865304338
"{'username': 'luky889889', 'nickname': 'HoÃ ng Tá»­ Äau Ä‘áº»'}",tráº£i nghiá»‡m cáº£m giÃ¡c Ä‘au Ä‘áº» táº¡i chá»£ Ä‘Ãªm sapa,[],"{'title': 'nháº¡c ná»n - ğ“ğ“’ğ“±ğ“² ğŸ€ - KhÃ©o tay hay lÃ m ğŸ¿', 'link': '/music/nháº¡c-ná»n-ğ“ğ“’ğ“±ğ“²-ğŸ€-7275724550921718529'}","{'likes': '442.7K', 'comments': '11.2K', 'shares': '214.5K'}",https://www.tiktok.com/@luky889889/video/7525659423247846663
"{'username': 'plxhvn2', 'nickname': 'Tin NÃ³ng HÃ ng NgÃ y'}",Thá»£ lÃ m cá»­a áº©u quÃ¡ ğŸ˜¨,"['#tainan', '#mayman', '#tintuc', '#plxhvn', '#phapluatxahoi']","{'title': 'nháº¡c ná»n  - Tin NÃ³ng HÃ ng NgÃ y', 'link': '/music/nháº¡c-ná»n-Tin-NÃ³ng-HÃ ng-NgÃ y-7524805609854700343'}","{'likes': '48K', 'comments': '1080', 'shares': '2151'}",https://www.tiktok.com/@plxhvn2/video/7524805462311636238
"{'username': 'nottuman', 'nickname': 'Tháº­p cáº©m'}",BÆ¡ dá»«a cÃ  hÃª ğŸ«°ğŸ½ğŸ«°ğŸ½,"['#xuhuong', '#dilamcogivui', '#viral', '#nhanvien', '#congcaphe', '#quan1angi', '#caphe', '#2025', '#fyp']","{'title': 'nháº¡c ná»n - CÃ²n thá»Ÿ lÃ  content - RÃ¬ Viu Cho Vui', 'link': '/music/nháº¡c-ná»n-CÃ²n-thá»Ÿ-lÃ -content-7484853097924201232'}","{'likes': '573.5K', 'comments': '5923', 'shares': '432.5K'}",https://www.tiktok.com/@nottuman/video/7524969271366077704
"{'username': 'pth_.69', 'nickname': 'Fuong Thah'}",dáº¡ khÃ³ quÃ¡ chá»‹,"['#blockblast', '#hungrystudio', '#blockblastlove']","{'title': 'nháº¡c ná»n - TÃ³c dÃ i niá»n rÄƒn - Tuáº¥n nuÃ´i tÃ³c dÃ i láº¡i', 'link': '/music/nháº¡c-ná»n-TÃ³c-dÃ i-niá»n-rÄƒn-7491221944923147025'}","{'likes': '418.9K', 'comments': '1750', 'shares': '76.8K'}",https://www.tiktok.com/@pth_.69/video/7519361838459391239
"{'username': 'dramin.vn', 'nickname': 'DRAMIN'}",NguyÃªn táº¯c cá»§a ngÆ°á»i Ä‘Ã n Ã´ng giáº£ gÃ¡i: Má»—i khi khÃ¡ch Ä‘áº¿n nhÃ  chÆ¡i Ä‘á»u pháº£i xÃ¡ch theo má»™t mÃ³n quÃ  nhá»,['#khaunghiep'],"{'title': 'nháº¡c ná»n  - DRAMIN', 'link': '/music/nháº¡c-ná»n-DRAMIN-7524640562919459600'}","{'likes': '198.3K', 'comments': '3903', 'shares': '63.9K'}",https://www.tiktok.com/@dramin.vn/video/7524640519792708882
"{'username': 'new.york.mystery', 'nickname': 'New York Mystery'}",,['#fyp'],"{'title': 'original sound - Neema Pun', 'link': '/music/original-sound-7070755673193089818'}","{'likes': '728.7K', 'comments': '2770', 'shares': '10.8K'}",https://www.tiktok.com/@new.york.mystery/video/7523748982988737806
"{'username': 'chanhvivu', 'nickname': 'Chanh Vivu'}",NghÄ© thÃ´i Ä‘Ã£ buá»“n rá»“i,['#chanhvivu'],"{'title': 'nháº¡c ná»n  - Chanh Vivu', 'link': '/music/nháº¡c-ná»n-Chanh-Vivu-7525009836984044289'}","{'likes': '1.2M', 'comments': '14.8K', 'shares': '407.3K'}",https://www.tiktok.com/@chanhvivu/video/7525009772878236944
"{'username': 'ttcppmc.tdtc', 'nickname': 'Cá»¤C DIá»†N THáº¾ GIá»šI TDTC'}",PHÃš QUá»C VÄ¨NH VIá»„N LÃ€ Cá»¦A VIá»†T NAM â€“ CAMPUCHIA KHÃ”NG THá»‚ Äá»¤NG Äáº¾N #chinhtri #bangtinquocte #chinhtrithailan #hunSen #cuocgoidinhmenh #tinquocte #quydinhngoaigiao #tinnong24h #phantichchinhtri #chinhtridongnama #trungquoc #tapcanbinh #thailan #campuchia,[],"{'title': 'nháº¡c ná»n - Cá»¤C DIá»†N THáº¾ GIá»šI - Cá»¤C DIá»†N THáº¾ GIá»šI TDTC', 'link': '/music/nháº¡c-ná»n-Cá»¤C-DIá»†N-THáº¾-GIá»šI-7524204998105467665'}","{'likes': '264.1K', 'comments': '14.2K', 'shares': '22.2K'}",https://www.tiktok.com/@ttcppmc.tdtc/video/7524204945382329607
"{'username': 'plxhvn2', 'nickname': 'Tin NÃ³ng HÃ ng NgÃ y'}",Em bÆ°á»›c xuá»‘ng xe tá»± tin nhÆ° 1 ná»¯ tháº§n ğŸ˜‚,"['#giaothong', '#phunu', '#vanhoagiaothong', '#luatgiaothong', '#plxhvn', '#phapluatxahoi']","{'title': 'nháº¡c ná»n  - Tin NÃ³ng HÃ ng NgÃ y', 'link': '/music/nháº¡c-ná»n-Tin-NÃ³ng-HÃ ng-NgÃ y-7525684353989446414'}","{'likes': '88.9K', 'comments': '3465', 'shares': '2844'}",https://www.tiktok.com/@plxhvn2/video/7525684266093612302
"{'username': 'dangvuongne', 'nickname': 'ÄÄƒng VÆ°Æ¡ng.'}",MÅ©i khoan tÃ¬nh yÃªu,"['#dangvuong', '#couple', '#xuhuong', '#fyp']","{'title': 'nháº¡c ná»n  - ÄÄƒng VÆ°Æ¡ng.', 'link': '/music/nháº¡c-ná»n-ÄÄƒng-VÆ°Æ¡ng-7524945423748975361'}","{'likes': '355.2K', 'comments': '4322', 'shares': '144.8K'}",https://www.tiktok.com/@dangvuongne/video/7524945396729138440
"{'username': 'ancungkhay', 'nickname': 'Coloring ASMR'}",kháº§y gÃµ quÃ¡ nghá»‡,['#thichtamphuc'],"{'title': 'nháº¡c ná»n - Coloring ASMR', 'link': '/music/nháº¡c-ná»n-7524267423042718495'}","{'likes': '294.4K', 'comments': '5536', 'shares': '258K'}",https://www.tiktok.com/@ancungkhay/video/7524267335180373278
"{'username': 'dinhquyettam', 'nickname': 'Bá»‘ Cá»§a Bá»‘ng'}",ÄÆ°á»£c Ä‘i chÆ¡i lÃ  sÆ°á»›ng,"['#bongcolen', '#tretuky', '#tredacbiet', '#bocuabong', '#giadinh']","{'title': 'nháº¡c ná»n  - Bá»‘ Cá»§a Bá»‘ng', 'link': '/music/nháº¡c-ná»n-Bá»‘-Cá»§a-Bá»‘ng-7523917672736983824'}","{'likes': '280.7K', 'comments': '13.3K', 'shares': '84.1K'}",https://www.tiktok.com/@dinhquyettam/video/7523917645914049799
"{'username': 'phucsyno96', 'nickname': 'PhÃºc Syno'}",Ai bá»‹ liá»‡u má»›i hiá»ƒu...,"['#phucsyno', '#syno']","{'title': 'nháº¡c ná»n  - PhÃºc Syno', 'link': '/music/nháº¡c-ná»n-PhÃºc-Syno-7525323542834596625'}","{'likes': '431.5K', 'comments': '9971', 'shares': '170.3K'}",https://www.tiktok.com/@phucsyno96/video/7525323493693607175
"{'username': 'dienvienmanhtruong', 'nickname': 'Nguyen Manh Truong'}",Cáº­u Ä‘ang ngá»§ trÆ°a thÃ¬ cá»© trend vá»›i chá»§ngğŸ¥´ğŸ˜‚ğŸ¤£,[],"{'title': 'nháº¡c ná»n  - Nguyen Manh Truong', 'link': '/music/nháº¡c-ná»n-Nguyen-Manh-Truong-7524568147618876177'}","{'likes': '389K', 'comments': '2747', 'shares': '7946'}",https://www.tiktok.com/@dienvienmanhtruong/video/7524568092278607122
"{'username': 'cobedotdiem', 'nickname': 'ChÃºa tá»ƒ Ä‘á»“'}",Váº«n chÆ°a hÃ¬nh dung Ä‘Æ°á»£c máº·c kiá»ƒu gÃ¬,[],"{'title': 'nháº¡c ná»n  - Minh HuyğŸ­', 'link': '/music/nháº¡c-ná»n-Minh-HuyğŸ­-7519792108790663937'}","{'likes': '105.5K', 'comments': '1858', 'shares': '70.4K'}",https://www.tiktok.com/@cobedotdiem/video/7525628277034126610
"{'username': 'taisuan', 'nickname': 'TÃ i XÆ°ng'}",Giá» nhÃ¬n Ä‘Ã¢u cÅ©ng tháº¥y Block Blast lun ğŸ˜­ğŸ˜­ğŸ˜­,"['#blockblast', '#hungrystudio', '#blockblastlove']","{'title': 'nháº¡c ná»n  - TÃ i XÆ°ng', 'link': '/music/nháº¡c-ná»n-TÃ i-XÆ°ng-7518015657686862608'}","{'likes': '455.9K', 'comments': '5211', 'shares': '93.3K'}",https://www.tiktok.com/@taisuan/video/7518015637038435592
"{'username': 'sapgaobaobao', 'nickname': 'Sáº¡p Gáº¡o Báº£o Báº£o'}",Tráº£ lá»i,"['@thuquynh887', '#phatla', '#degrey', '#vualidon']","{'title': 'nháº¡c ná»n  - Sáº¡p Gáº¡o Báº£o Báº£o', 'link': '/music/nháº¡c-ná»n-Sáº¡p-Gáº¡o-Báº£o-Báº£o-7523913522577705744'}","{'likes': '324.6K', 'comments': '4797', 'shares': '61.5K'}",https://www.tiktok.com/@sapgaobaobao/video/7523908343476325650
"{'username': 'plxhvn2', 'nickname': 'Tin NÃ³ng HÃ ng NgÃ y'}",Xe 04 Ä‘áº³ng cáº¥p tháº­t ğŸ˜‚,"['#giaothong', '#thibanglaixemay', '#phunu', '#haihuoc', '#vuive', '#vuinhon', '#haha', '#plxhvn', '#phapluatxahoi']","{'title': 'nháº¡c ná»n  - Tin NÃ³ng HÃ ng NgÃ y', 'link': '/music/nháº¡c-ná»n-Tin-NÃ³ng-HÃ ng-NgÃ y-7524219161837407031'}","{'likes': '138K', 'comments': '2002', 'shares': '19.2K'}",https://www.tiktok.com/@plxhvn2/video/7524219031616900366
"{'username': 'ngcuong379', 'nickname': 'Bá»‘ BÃ© Má»¡'}",,['@HÃ  PhÆ°á»£ng'],"{'title': 'nháº¡c ná»n - Too vÃ  nhá»¯ng chiáº¿c quáº§n ğŸ‘– - TÃ´ Nam Anh ğŸ€', 'link': '/music/nháº¡c-ná»n-Too-vÃ -nhá»¯ng-chiáº¿c-quáº§n-ğŸ‘–-7102354851752971035'}","{'likes': '981.3K', 'comments': '12.4K', 'shares': '460.4K'}",https://www.tiktok.com/@ngcuong379/video/7524911077809786128
"{'username': 'huongstore.06', 'nickname': 'Kem che khuyáº¿t Ä‘iá»ƒm ğŸ°'}",BÃ¹n váº­y,"['#kemchekhuyetdiem', '#chekhuyetdiemxuatsac', '#kemtrangda', '#xuhuongtiktok', '#chekhuyetdiem', '#kemchexam', '#nangtone']","{'title': 'Hoa Sa ÄÃ©c - ğ“‘ğ“¸Ì‚ğ“·ğ“°  ğŸŒ»', 'link': '/music/Hoa-Sa-ÄÃ©c-6998407967250975514'}","{'likes': '687.5K', 'comments': '7726', 'shares': '25.5K'}",https://www.tiktok.com/@huongstore.06/video/7525692408676224272
"{'username': 'dipquanne', 'nickname': 'Dá»‹p QuÃ¢n'}",NÃ© cÃ¡i tay gáº·p ngay cÃ¡i cá»™t,['#couple'],"{'title': 'nháº¡c ná»n  - Dá»‹p QuÃ¢n', 'link': '/music/nháº¡c-ná»n-Dá»‹p-QuÃ¢n-7524545593814469392'}","{'likes': '486.4K', 'comments': '8176', 'shares': '146.4K'}",https://www.tiktok.com/@dipquanne/video/7524545567163256082
"{'username': 'haisanthanhvan', 'nickname': 'haisanthanhvan'}",QuÃ¡ kinh khá»§ng chÆ°a Ä‘áº§y 15 dÃ¢y,['#giÃ´ngbÃ£o'],"{'title': 'æœ€æ–°äº‹ä»¶ç´§æ€¥æ’­æŠ¥æ–°é—»ç´§å¼ æ°”æ°›æˆ˜äº‰ - ä¼´å¥ - å¤§äº‹ä»¶çŸ­è§†é¢‘æ–°é—» èƒŒæ™¯éŸ³ä¹', 'link': '/music/æœ€æ–°äº‹ä»¶ç´§æ€¥æ’­æŠ¥æ–°é—»ç´§å¼ æ°”æ°›æˆ˜äº‰-ä¼´å¥-7361704778831169552'}","{'likes': '264.4K', 'comments': '5721', 'shares': '24.6K'}",https://www.tiktok.com/@haisanthanhvan/video/7525425296992963847
"{'username': 'phuonganhle305', 'nickname': 'Phanh nÃ¨ğŸŒ¸'}",Ai Ä‘Ã³ há»i 1 nÄƒm qua tÃ´i Ä‘Ã£ cá»‘ gáº¯ng nhÆ° nÃ o ğŸ˜™,['#fyp'],"{'title': 'nháº¡c ná»n  - Phanh nÃ¨ğŸŒ¸', 'link': '/music/nháº¡c-ná»n-Phanh-nÃ¨ğŸŒ¸-7525266232291904257'}","{'likes': '799.8K', 'comments': '3209', 'shares': '48.5K'}",https://www.tiktok.com/@phuonganhle305/video/7525261051865304338
"{'username': 'luky889889', 'nickname': 'HoÃ ng Tá»­ Äau Ä‘áº»'}",tráº£i nghiá»‡m cáº£m giÃ¡c Ä‘au Ä‘áº» táº¡i chá»£ Ä‘Ãªm sapa,[],"{'title': 'nháº¡c ná»n - ğ“ğ“’ğ“±ğ“² ğŸ€ - KhÃ©o tay hay lÃ m ğŸ¿', 'link': '/music/nháº¡c-ná»n-ğ“ğ“’ğ“±ğ“²-ğŸ€-7275724550921718529'}","{'likes': '442.7K', 'comments': '11.2K', 'shares': '214.5K'}",https://www.tiktok.com/@luky889889/video/7525659423247846663
"{'username': 'plxhvn2', 'nickname': 'Tin NÃ³ng HÃ ng NgÃ y'}",Thá»£ lÃ m cá»­a áº©u quÃ¡ ğŸ˜¨,"['#tainan', '#mayman', '#tintuc', '#plxhvn', '#phapluatxahoi']","{'title': 'nháº¡c ná»n  - Tin NÃ³ng HÃ ng NgÃ y', 'link': '/music/nháº¡c-ná»n-Tin-NÃ³ng-HÃ ng-NgÃ y-7524805609854700343'}","{'likes': '48K', 'comments': '1080', 'shares': '2151'}",https://www.tiktok.com/@plxhvn2/video/7524805462311636238
"{'username': 'nottuman', 'nickname': 'Tháº­p cáº©m'}",BÆ¡ dá»«a cÃ  hÃª ğŸ«°ğŸ½ğŸ«°ğŸ½,"['#xuhuong', '#dilamcogivui', '#viral', '#nhanvien', '#congcaphe', '#quan1angi', '#caphe', '#2025', '#fyp']","{'title': 'nháº¡c ná»n - CÃ²n thá»Ÿ lÃ  content - RÃ¬ Viu Cho Vui', 'link': '/music/nháº¡c-ná»n-CÃ²n-thá»Ÿ-lÃ -content-7484853097924201232'}","{'likes': '573.5K', 'comments': '5923', 'shares': '432.5K'}",https://www.tiktok.com/@nottuman/video/7524969271366077704
"{'username': 'pth_.69', 'nickname': 'Fuong Thah'}",dáº¡ khÃ³ quÃ¡ chá»‹,"['#blockblast', '#hungrystudio', '#blockblastlove']","{'title': 'nháº¡c ná»n - TÃ³c dÃ i niá»n rÄƒn - Tuáº¥n nuÃ´i tÃ³c dÃ i láº¡i', 'link': '/music/nháº¡c-ná»n-TÃ³c-dÃ i-niá»n-rÄƒn-7491221944923147025'}","{'likes': '418.9K', 'comments': '1750', 'shares': '76.8K'}",https://www.tiktok.com/@pth_.69/video/7519361838459391239
"{'username': 'dramin.vn', 'nickname': 'DRAMIN'}",NguyÃªn táº¯c cá»§a ngÆ°á»i Ä‘Ã n Ã´ng giáº£ gÃ¡i: Má»—i khi khÃ¡ch Ä‘áº¿n nhÃ  chÆ¡i Ä‘á»u pháº£i xÃ¡ch theo má»™t mÃ³n quÃ  nhá»,['#khaunghiep'],"{'title': 'nháº¡c ná»n  - DRAMIN', 'link': '/music/nháº¡c-ná»n-DRAMIN-7524640562919459600'}","{'likes': '198.3K', 'comments': '3903', 'shares': '63.9K'}",https://www.tiktok.com/@dramin.vn/video/7524640519792708882
"{'username': 'new.york.mystery', 'nickname': 'New York Mystery'}",,['#fyp'],"{'title': 'original sound - Neema Pun', 'link': '/music/original-sound-7070755673193089818'}","{'likes': '728.7K', 'comments': '2770', 'shares': '10.8K'}",https://www.tiktok.com/@new.york.mystery/video/7523748982988737806
"{'username': 'chanhvivu', 'nickname': 'Chanh Vivu'}",NghÄ© thÃ´i Ä‘Ã£ buá»“n rá»“i,['#chanhvivu'],"{'title': 'nháº¡c ná»n  - Chanh Vivu', 'link': '/music/nháº¡c-ná»n-Chanh-Vivu-7525009836984044289'}","{'likes': '1.2M', 'comments': '14.8K', 'shares': '407.3K'}",https://www.tiktok.com/@chanhvivu/video/7525009772878236944
"{'username': 'ttcppmc.tdtc', 'nickname': 'Cá»¤C DIá»†N THáº¾ GIá»šI TDTC'}",PHÃš QUá»C VÄ¨NH VIá»„N LÃ€ Cá»¦A VIá»†T NAM â€“ CAMPUCHIA KHÃ”NG THá»‚ Äá»¤NG Äáº¾N #chinhtri #bangtinquocte #chinhtrithailan #hunSen #cuocgoidinhmenh #tinquocte #quydinhngoaigiao #tinnong24h #phantichchinhtri #chinhtridongnama #trungquoc #tapcanbinh #thailan #campuchia,[],"{'title': 'nháº¡c ná»n - Cá»¤C DIá»†N THáº¾ GIá»šI - Cá»¤C DIá»†N THáº¾ GIá»šI TDTC', 'link': '/music/nháº¡c-ná»n-Cá»¤C-DIá»†N-THáº¾-GIá»šI-7524204998105467665'}","{'likes': '264.1K', 'comments': '14.2K', 'shares': '22.2K'}",https://www.tiktok.com/@ttcppmc.tdtc/video/7524204945382329607
"{'username': 'plxhvn2', 'nickname': 'Tin NÃ³ng HÃ ng NgÃ y'}",Em bÆ°á»›c xuá»‘ng xe tá»± tin nhÆ° 1 ná»¯ tháº§n ğŸ˜‚,"['#giaothong', '#phunu', '#vanhoagiaothong', '#luatgiaothong', '#plxhvn', '#phapluatxahoi']","{'title': 'nháº¡c ná»n  - Tin NÃ³ng HÃ ng NgÃ y', 'link': '/music/nháº¡c-ná»n-Tin-NÃ³ng-HÃ ng-NgÃ y-7525684353989446414'}","{'likes': '88.9K', 'comments': '3466', 'shares': '2844'}",https://www.tiktok.com/@plxhvn2/video/7525684266093612302
"{'username': 'dangvuongne', 'nickname': 'ÄÄƒng VÆ°Æ¡ng.'}",MÅ©i khoan tÃ¬nh yÃªu,"['#dangvuong', '#couple', '#xuhuong', '#fyp']","{'title': 'nháº¡c ná»n  - ÄÄƒng VÆ°Æ¡ng.', 'link': '/music/nháº¡c-ná»n-ÄÄƒng-VÆ°Æ¡ng-7524945423748975361'}","{'likes': '355.2K', 'comments': '4322', 'shares': '144.8K'}",https://www.tiktok.com/@dangvuongne/video/7524945396729138440
"{'username': 'ancungkhay', 'nickname': 'Coloring ASMR'}",kháº§y gÃµ quÃ¡ nghá»‡,['#thichtamphuc'],"{'title': 'nháº¡c ná»n - Coloring ASMR', 'link': '/music/nháº¡c-ná»n-7524267423042718495'}","{'likes': '294.4K', 'comments': '5536', 'shares': '258K'}",https://www.tiktok.com/@ancungkhay/video/7524267335180373278
"{'username': 'dinhquyettam', 'nickname': 'Bá»‘ Cá»§a Bá»‘ng'}",ÄÆ°á»£c Ä‘i chÆ¡i lÃ  sÆ°á»›ng,"['#bongcolen', '#tretuky', '#tredacbiet', '#bocuabong', '#giadinh']","{'title': 'nháº¡c ná»n  - Bá»‘ Cá»§a Bá»‘ng', 'link': '/music/nháº¡c-ná»n-Bá»‘-Cá»§a-Bá»‘ng-7523917672736983824'}","{'likes': '280.7K', 'comments': '13.3K', 'shares': '84.1K'}",https://www.tiktok.com/@dinhquyettam/video/7523917645914049799
"{'username': 'phucsyno96', 'nickname': 'PhÃºc Syno'}",Ai bá»‹ liá»‡u má»›i hiá»ƒu...,"['#phucsyno', '#syno']","{'title': 'nháº¡c ná»n  - PhÃºc Syno', 'link': '/music/nháº¡c-ná»n-PhÃºc-Syno-7525323542834596625'}","{'likes': '431.5K', 'comments': '9971', 'shares': '170.3K'}",https://www.tiktok.com/@phucsyno96/video/7525323493693607175
"{'username': 'dienvienmanhtruong', 'nickname': 'Nguyen Manh Truong'}",Cáº­u Ä‘ang ngá»§ trÆ°a thÃ¬ cá»© trend vá»›i chá»§ngğŸ¥´ğŸ˜‚ğŸ¤£,[],"{'title': 'nháº¡c ná»n  - Nguyen Manh Truong', 'link': '/music/nháº¡c-ná»n-Nguyen-Manh-Truong-7524568147618876177'}","{'likes': '389K', 'comments': '2747', 'shares': '7946'}",https://www.tiktok.com/@dienvienmanhtruong/video/7524568092278607122
"{'username': 'cobedotdiem', 'nickname': 'ChÃºa tá»ƒ Ä‘á»“'}",Váº«n chÆ°a hÃ¬nh dung Ä‘Æ°á»£c máº·c kiá»ƒu gÃ¬,[],"{'title': 'nháº¡c ná»n  - Minh HuyğŸ­', 'link': '/music/nháº¡c-ná»n-Minh-HuyğŸ­-7519792108790663937'}","{'likes': '105.5K', 'comments': '1858', 'shares': '70.5K'}",https://www.tiktok.com/@cobedotdiem/video/7525628277034126610
"{'username': 'taisuan', 'nickname': 'TÃ i XÆ°ng'}",Giá» nhÃ¬n Ä‘Ã¢u cÅ©ng tháº¥y Block Blast lun ğŸ˜­ğŸ˜­ğŸ˜­,"['#blockblast', '#hungrystudio', '#blockblastlove']","{'title': 'nháº¡c ná»n  - TÃ i XÆ°ng', 'link': '/music/nháº¡c-ná»n-TÃ i-XÆ°ng-7518015657686862608'}","{'likes': '455.9K', 'comments': '5211', 'shares': '93.3K'}",https://www.tiktok.com/@taisuan/video/7518015637038435592
"{'username': 'sapgaobaobao', 'nickname': 'Sáº¡p Gáº¡o Báº£o Báº£o'}",Tráº£ lá»i,"['@thuquynh887', '#phatla', '#degrey', '#vualidon']","{'title': 'nháº¡c ná»n  - Sáº¡p Gáº¡o Báº£o Báº£o', 'link': '/music/nháº¡c-ná»n-Sáº¡p-Gáº¡o-Báº£o-Báº£o-7523913522577705744'}","{'likes': '324.6K', 'comments': '4797', 'shares': '61.5K'}",https://www.tiktok.com/@sapgaobaobao/video/7523908343476325650
"{'username': 'plxhvn2', 'nickname': 'Tin NÃ³ng HÃ ng NgÃ y'}",Xe 04 Ä‘áº³ng cáº¥p tháº­t ğŸ˜‚,"['#giaothong', '#thibanglaixemay', '#phunu', '#haihuoc', '#vuive', '#vuinhon', '#haha', '#plxhvn', '#phapluatxahoi']","{'title': 'nháº¡c ná»n  - Tin NÃ³ng HÃ ng NgÃ y', 'link': '/music/nháº¡c-ná»n-Tin-NÃ³ng-HÃ ng-NgÃ y-7524219161837407031'}","{'likes': '138K', 'comments': '2002', 'shares': '19.2K'}",https://www.tiktok.com/@plxhvn2/video/7524219031616900366
"{'username': 'ngcuong379', 'nickname': 'Bá»‘ BÃ© Má»¡'}",,['@HÃ  PhÆ°á»£ng'],"{'title': 'nháº¡c ná»n - Too vÃ  nhá»¯ng chiáº¿c quáº§n ğŸ‘– - TÃ´ Nam Anh ğŸ€', 'link': '/music/nháº¡c-ná»n-Too-vÃ -nhá»¯ng-chiáº¿c-quáº§n-ğŸ‘–-7102354851752971035'}","{'likes': '981.5K', 'comments': '12.4K', 'shares': '460.5K'}",https://www.tiktok.com/@ngcuong379/video/7524911077809786128
"{'username': 'huongstore.06', 'nickname': 'Kem che khuyáº¿t Ä‘iá»ƒm ğŸ°'}",BÃ¹n váº­y,"['#kemchekhuyetdiem', '#chekhuyetdiemxuatsac', '#kemtrangda', '#xuhuongtiktok', '#chekhuyetdiem', '#kemchexam', '#nangtone']","{'title': 'Hoa Sa ÄÃ©c - ğ“‘ğ“¸Ì‚ğ“·ğ“°  ğŸŒ»', 'link': '/music/Hoa-Sa-ÄÃ©c-6998407967250975514'}","{'likes': '688K', 'comments': '7738', 'shares': '25.5K'}",https://www.tiktok.com/@huongstore.06/video/7525692408676224272
"{'username': 'dipquanne', 'nickname': 'Dá»‹p QuÃ¢n'}",NÃ© cÃ¡i tay gáº·p ngay cÃ¡i cá»™t,['#couple'],"{'title': 'nháº¡c ná»n  - Dá»‹p QuÃ¢n', 'link': '/music/nháº¡c-ná»n-Dá»‹p-QuÃ¢n-7524545593814469392'}","{'likes': '486.5K', 'comments': '8177', 'shares': '146.5K'}",https://www.tiktok.com/@dipquanne/video/7524545567163256082
"{'username': 'haisanthanhvan', 'nickname': 'haisanthanhvan'}",QuÃ¡ kinh khá»§ng chÆ°a Ä‘áº§y 15 dÃ¢y,['#giÃ´ngbÃ£o'],"{'title': 'æœ€æ–°äº‹ä»¶ç´§æ€¥æ’­æŠ¥æ–°é—»ç´§å¼ æ°”æ°›æˆ˜äº‰ - ä¼´å¥ - å¤§äº‹ä»¶çŸ­è§†é¢‘æ–°é—» èƒŒæ™¯éŸ³ä¹', 'link': '/music/æœ€æ–°äº‹ä»¶ç´§æ€¥æ’­æŠ¥æ–°é—»ç´§å¼ æ°”æ°›æˆ˜äº‰-ä¼´å¥-7361704778831169552'}","{'likes': '264.4K', 'comments': '5721', 'shares': '24.6K'}",https://www.tiktok.com/@haisanthanhvan/video/7525425296992963847
"{'username': 'phuonganhle305', 'nickname': 'Phanh nÃ¨ğŸŒ¸'}",Ai Ä‘Ã³ há»i 1 nÄƒm qua tÃ´i Ä‘Ã£ cá»‘ gáº¯ng nhÆ° nÃ o ğŸ˜™,['#fyp'],"{'title': 'nháº¡c ná»n  - Phanh nÃ¨ğŸŒ¸', 'link': '/music/nháº¡c-ná»n-Phanh-nÃ¨ğŸŒ¸-7525266232291904257'}","{'likes': '800.3K', 'comments': '3213', 'shares': '48.5K'}",https://www.tiktok.com/@phuonganhle305/video/7525261051865304338
"{'username': 'luky889889', 'nickname': 'HoÃ ng Tá»­ Äau Ä‘áº»'}",tráº£i nghiá»‡m cáº£m giÃ¡c Ä‘au Ä‘áº» táº¡i chá»£ Ä‘Ãªm sapa,[],"{'title': 'nháº¡c ná»n - ğ“ğ“’ğ“±ğ“² ğŸ€ - KhÃ©o tay hay lÃ m ğŸ¿', 'link': '/music/nháº¡c-ná»n-ğ“ğ“’ğ“±ğ“²-ğŸ€-7275724550921718529'}","{'likes': '442.9K', 'comments': '11.2K', 'shares': '214.6K'}",https://www.tiktok.com/@luky889889/video/7525659423247846663
"{'username': 'plxhvn2', 'nickname': 'Tin NÃ³ng HÃ ng NgÃ y'}",Thá»£ lÃ m cá»­a áº©u quÃ¡ ğŸ˜¨,"['#tainan', '#mayman', '#tintuc', '#plxhvn', '#phapluatxahoi']","{'title': 'nháº¡c ná»n  - Tin NÃ³ng HÃ ng NgÃ y', 'link': '/music/nháº¡c-ná»n-Tin-NÃ³ng-HÃ ng-NgÃ y-7524805609854700343'}","{'likes': '48K', 'comments': '1081', 'shares': '2151'}",https://www.tiktok.com/@plxhvn2/video/7524805462311636238
"{'username': 'nottuman', 'nickname': 'Tháº­p cáº©m'}",BÆ¡ dá»«a cÃ  hÃª ğŸ«°ğŸ½ğŸ«°ğŸ½,"['#xuhuong', '#dilamcogivui', '#viral', '#nhanvien', '#congcaphe', '#quan1angi', '#caphe', '#2025', '#fyp']","{'title': 'nháº¡c ná»n - CÃ²n thá»Ÿ lÃ  content - RÃ¬ Viu Cho Vui', 'link': '/music/nháº¡c-ná»n-CÃ²n-thá»Ÿ-lÃ -content-7484853097924201232'}","{'likes': '573.7K', 'comments': '5923', 'shares': '432.6K'}",https://www.tiktok.com/@nottuman/video/7524969271366077704
"{'username': 'pth_.69', 'nickname': 'Fuong Thah'}",dáº¡ khÃ³ quÃ¡ chá»‹,"['#blockblast', '#hungrystudio', '#blockblastlove']","{'title': 'nháº¡c ná»n - TÃ³c dÃ i niá»n rÄƒn - Tuáº¥n nuÃ´i tÃ³c dÃ i láº¡i', 'link': '/music/nháº¡c-ná»n-TÃ³c-dÃ i-niá»n-rÄƒn-7491221944923147025'}","{'likes': '419.1K', 'comments': '1753', 'shares': '76.8K'}",https://www.tiktok.com/@pth_.69/video/7519361838459391239
"{'username': 'dramin.vn', 'nickname': 'DRAMIN'}",NguyÃªn táº¯c cá»§a ngÆ°á»i Ä‘Ã n Ã´ng giáº£ gÃ¡i: Má»—i khi khÃ¡ch Ä‘áº¿n nhÃ  chÆ¡i Ä‘á»u pháº£i xÃ¡ch theo má»™t mÃ³n quÃ  nhá»,['#khaunghiep'],"{'title': 'nháº¡c ná»n  - DRAMIN', 'link': '/music/nháº¡c-ná»n-DRAMIN-7524640562919459600'}","{'likes': '198.3K', 'comments': '3903', 'shares': '63.9K'}",https://www.tiktok.com/@dramin.vn/video/7524640519792708882
"{'username': 'new.york.mystery', 'nickname': 'New York Mystery'}",,['#fyp'],"{'title': 'original sound - Neema Pun', 'link': '/music/original-sound-7070755673193089818'}","{'likes': '728.7K', 'comments': '2770', 'shares': '10.8K'}",https://www.tiktok.com/@new.york.mystery/video/7523748982988737806
"{'username': 'chanhvivu', 'nickname': 'Chanh Vivu'}",NghÄ© thÃ´i Ä‘Ã£ buá»“n rá»“i,['#chanhvivu'],"{'title': 'nháº¡c ná»n  - Chanh Vivu', 'link': '/music/nháº¡c-ná»n-Chanh-Vivu-7525009836984044289'}","{'likes': '1.2M', 'comments': '14.8K', 'shares': '407.4K'}",https://www.tiktok.com/@chanhvivu/video/7525009772878236944
"{'username': 'ttcppmc.tdtc', 'nickname': 'Cá»¤C DIá»†N THáº¾ GIá»šI TDTC'}",PHÃš QUá»C VÄ¨NH VIá»„N LÃ€ Cá»¦A VIá»†T NAM â€“ CAMPUCHIA KHÃ”NG THá»‚ Äá»¤NG Äáº¾N #chinhtri #bangtinquocte #chinhtrithailan #hunSen #cuocgoidinhmenh #tinquocte #quydinhngoaigiao #tinnong24h #phantichchinhtri #chinhtridongnama #trungquoc #tapcanbinh #thailan #campuchia,[],"{'title': 'nháº¡c ná»n - Cá»¤C DIá»†N THáº¾ GIá»šI - Cá»¤C DIá»†N THáº¾ GIá»šI TDTC', 'link': '/music/nháº¡c-ná»n-Cá»¤C-DIá»†N-THáº¾-GIá»šI-7524204998105467665'}","{'likes': '264.2K', 'comments': '14.2K', 'shares': '22.2K'}",https://www.tiktok.com/@ttcppmc.tdtc/video/7524204945382329607
"{'username': 'plxhvn2', 'nickname': 'Tin NÃ³ng HÃ ng NgÃ y'}",Em bÆ°á»›c xuá»‘ng xe tá»± tin nhÆ° 1 ná»¯ tháº§n ğŸ˜‚,"['#giaothong', '#phunu', '#vanhoagiaothong', '#luatgiaothong', '#plxhvn', '#phapluatxahoi']","{'title': 'nháº¡c ná»n  - Tin NÃ³ng HÃ ng NgÃ y', 'link': '/music/nháº¡c-ná»n-Tin-NÃ³ng-HÃ ng-NgÃ y-7525684353989446414'}","{'likes': '88.9K', 'comments': '3466', 'shares': '2846'}",https://www.tiktok.com/@plxhvn2/video/7525684266093612302
"{'username': 'dangvuongne', 'nickname': 'ÄÄƒng VÆ°Æ¡ng.'}",MÅ©i khoan tÃ¬nh yÃªu,"['#dangvuong', '#couple', '#xuhuong', '#fyp']","{'title': 'nháº¡c ná»n  - ÄÄƒng VÆ°Æ¡ng.', 'link': '/music/nháº¡c-ná»n-ÄÄƒng-VÆ°Æ¡ng-7524945423748975361'}","{'likes': '355.4K', 'comments': '4325', 'shares': '144.9K'}",https://www.tiktok.com/@dangvuongne/video/7524945396729138440
"{'username': 'ancungkhay', 'nickname': 'Coloring ASMR'}",kháº§y gÃµ quÃ¡ nghá»‡,['#thichtamphuc'],"{'title': 'nháº¡c ná»n - Coloring ASMR', 'link': '/music/nháº¡c-ná»n-7524267423042718495'}","{'likes': '294.4K', 'comments': '5537', 'shares': '258.1K'}",https://www.tiktok.com/@ancungkhay/video/7524267335180373278
"{'username': 'dinhquyettam', 'nickname': 'Bá»‘ Cá»§a Bá»‘ng'}",ÄÆ°á»£c Ä‘i chÆ¡i lÃ  sÆ°á»›ng,"['#bongcolen', '#tretuky', '#tredacbiet', '#bocuabong', '#giadinh']","{'title': 'nháº¡c ná»n  - Bá»‘ Cá»§a Bá»‘ng', 'link': '/music/nháº¡c-ná»n-Bá»‘-Cá»§a-Bá»‘ng-7523917672736983824'}","{'likes': '280.9K', 'comments': '13.3K', 'shares': '84.2K'}",https://www.tiktok.com/@dinhquyettam/video/7523917645914049799
"{'username': 'phucsyno96', 'nickname': 'PhÃºc Syno'}",Ai bá»‹ liá»‡u má»›i hiá»ƒu...,"['#phucsyno', '#syno']","{'title': 'nháº¡c ná»n  - PhÃºc Syno', 'link': '/music/nháº¡c-ná»n-PhÃºc-Syno-7525323542834596625'}","{'likes': '431.6K', 'comments': '9973', 'shares': '170.3K'}",https://www.tiktok.com/@phucsyno96/video/7525323493693607175
"{'username': 'dienvienmanhtruong', 'nickname': 'Nguyen Manh Truong'}",Cáº­u Ä‘ang ngá»§ trÆ°a thÃ¬ cá»© trend vá»›i chá»§ngğŸ¥´ğŸ˜‚ğŸ¤£,[],"{'title': 'nháº¡c ná»n  - Nguyen Manh Truong', 'link': '/music/nháº¡c-ná»n-Nguyen-Manh-Truong-7524568147618876177'}","{'likes': '389.1K', 'comments': '2748', 'shares': '7947'}",https://www.tiktok.com/@dienvienmanhtruong/video/7524568092278607122
"{'username': 'cobedotdiem', 'nickname': 'ChÃºa tá»ƒ Ä‘á»“'}",Váº«n chÆ°a hÃ¬nh dung Ä‘Æ°á»£c máº·c kiá»ƒu gÃ¬,[],"{'title': 'nháº¡c ná»n  - Minh HuyğŸ­', 'link': '/music/nháº¡c-ná»n-Minh-HuyğŸ­-7519792108790663937'}","{'likes': '105.6K', 'comments': '1857', 'shares': '70.5K'}",https://www.tiktok.com/@cobedotdiem/video/7525628277034126610
"{'username': 'taisuan', 'nickname': 'TÃ i XÆ°ng'}",Giá» nhÃ¬n Ä‘Ã¢u cÅ©ng tháº¥y Block Blast lun ğŸ˜­ğŸ˜­ğŸ˜­,"['#blockblast', '#hungrystudio', '#blockblastlove']","{'title': 'nháº¡c ná»n  - TÃ i XÆ°ng', 'link': '/music/nháº¡c-ná»n-TÃ i-XÆ°ng-7518015657686862608'}","{'likes': '456.1K', 'comments': '5215', 'shares': '93.3K'}",https://www.tiktok.com/@taisuan/video/7518015637038435592
"{'username': 'sapgaobaobao', 'nickname': 'Sáº¡p Gáº¡o Báº£o Báº£o'}",Tráº£ lá»i,"['@thuquynh887', '#phatla', '#degrey', '#vualidon']","{'title': 'nháº¡c ná»n  - Sáº¡p Gáº¡o Báº£o Báº£o', 'link': '/music/nháº¡c-ná»n-Sáº¡p-Gáº¡o-Báº£o-Báº£o-7523913522577705744'}","{'likes': '324.6K', 'comments': '4798', 'shares': '61.5K'}",https://www.tiktok.com/@sapgaobaobao/video/7523908343476325650
"{'username': 'plxhvn2', 'nickname': 'Tin NÃ³ng HÃ ng NgÃ y'}",Xe 04 Ä‘áº³ng cáº¥p tháº­t ğŸ˜‚,"['#giaothong', '#thibanglaixemay', '#phunu', '#haihuoc', '#vuive', '#vuinhon', '#haha', '#plxhvn', '#phapluatxahoi']","{'title': 'nháº¡c ná»n  - Tin NÃ³ng HÃ ng NgÃ y', 'link': '/music/nháº¡c-ná»n-Tin-NÃ³ng-HÃ ng-NgÃ y-7524219161837407031'}","{'likes': '138K', 'comments': '2002', 'shares': '19.2K'}",https://www.tiktok.com/@plxhvn2/video/7524219031616900366
"{'username': 'ngcuong379', 'nickname': 'Bá»‘ BÃ© Má»¡'}",,['@HÃ  PhÆ°á»£ng'],"{'title': 'nháº¡c ná»n - Too vÃ  nhá»¯ng chiáº¿c quáº§n ğŸ‘– - TÃ´ Nam Anh ğŸ€', 'link': '/music/nháº¡c-ná»n-Too-vÃ -nhá»¯ng-chiáº¿c-quáº§n-ğŸ‘–-7102354851752971035'}","{'likes': '981.5K', 'comments': '12.4K', 'shares': '460.5K'}",https://www.tiktok.com/@ngcuong379/video/7524911077809786128
"{'username': 'huongstore.06', 'nickname': 'Kem che khuyáº¿t Ä‘iá»ƒm ğŸ°'}",BÃ¹n váº­y,"['#kemchekhuyetdiem', '#chekhuyetdiemxuatsac', '#kemtrangda', '#xuhuongtiktok', '#chekhuyetdiem', '#kemchexam', '#nangtone']","{'title': 'Hoa Sa ÄÃ©c - ğ“‘ğ“¸Ì‚ğ“·ğ“°  ğŸŒ»', 'link': '/music/Hoa-Sa-ÄÃ©c-6998407967250975514'}","{'likes': '688.1K', 'comments': '7738', 'shares': '25.5K'}",https://www.tiktok.com/@huongstore.06/video/7525692408676224272
"{'username': 'dipquanne', 'nickname': 'Dá»‹p QuÃ¢n'}",NÃ© cÃ¡i tay gáº·p ngay cÃ¡i cá»™t,['#couple'],"{'title': 'nháº¡c ná»n  - Dá»‹p QuÃ¢n', 'link': '/music/nháº¡c-ná»n-Dá»‹p-QuÃ¢n-7524545593814469392'}","{'likes': '486.5K', 'comments': '8177', 'shares': '146.5K'}",https://www.tiktok.com/@dipquanne/video/7524545567163256082
"{'username': 'haisanthanhvan', 'nickname': 'haisanthanhvan'}",QuÃ¡ kinh khá»§ng chÆ°a Ä‘áº§y 15 dÃ¢y,['#giÃ´ngbÃ£o'],"{'title': 'æœ€æ–°äº‹ä»¶ç´§æ€¥æ’­æŠ¥æ–°é—»ç´§å¼ æ°”æ°›æˆ˜äº‰ - ä¼´å¥ - å¤§äº‹ä»¶çŸ­è§†é¢‘æ–°é—» èƒŒæ™¯éŸ³ä¹', 'link': '/music/æœ€æ–°äº‹ä»¶ç´§æ€¥æ’­æŠ¥æ–°é—»ç´§å¼ æ°”æ°›æˆ˜äº‰-ä¼´å¥-7361704778831169552'}","{'likes': '264.4K', 'comments': '5721', 'shares': '24.6K'}",https://www.tiktok.com/@haisanthanhvan/video/7525425296992963847
"{'username': 'phuonganhle305', 'nickname': 'Phanh nÃ¨ğŸŒ¸'}",Ai Ä‘Ã³ há»i 1 nÄƒm qua tÃ´i Ä‘Ã£ cá»‘ gáº¯ng nhÆ° nÃ o ğŸ˜™,['#fyp'],"{'title': 'nháº¡c ná»n  - Phanh nÃ¨ğŸŒ¸', 'link': '/music/nháº¡c-ná»n-Phanh-nÃ¨ğŸŒ¸-7525266232291904257'}","{'likes': '800.4K', 'comments': '3213', 'shares': '48.5K'}",https://www.tiktok.com/@phuonganhle305/video/7525261051865304338
"{'username': 'luky889889', 'nickname': 'HoÃ ng Tá»­ Äau Ä‘áº»'}",tráº£i nghiá»‡m cáº£m giÃ¡c Ä‘au Ä‘áº» táº¡i chá»£ Ä‘Ãªm sapa,[],"{'title': 'nháº¡c ná»n - ğ“ğ“’ğ“±ğ“² ğŸ€ - KhÃ©o tay hay lÃ m ğŸ¿', 'link': '/music/nháº¡c-ná»n-ğ“ğ“’ğ“±ğ“²-ğŸ€-7275724550921718529'}","{'likes': '443K', 'comments': '11.2K', 'shares': '214.6K'}",https://www.tiktok.com/@luky889889/video/7525659423247846663
"{'username': 'plxhvn2', 'nickname': 'Tin NÃ³ng HÃ ng NgÃ y'}",Thá»£ lÃ m cá»­a áº©u quÃ¡ ğŸ˜¨,"['#tainan', '#mayman', '#tintuc', '#plxhvn', '#phapluatxahoi']","{'title': 'nháº¡c ná»n  - Tin NÃ³ng HÃ ng NgÃ y', 'link': '/music/nháº¡c-ná»n-Tin-NÃ³ng-HÃ ng-NgÃ y-7524805609854700343'}","{'likes': '48K', 'comments': '1082', 'shares': '2151'}",https://www.tiktok.com/@plxhvn2/video/7524805462311636238
"{'username': 'nottuman', 'nickname': 'Tháº­p cáº©m'}",BÆ¡ dá»«a cÃ  hÃª ğŸ«°ğŸ½ğŸ«°ğŸ½,"['#xuhuong', '#dilamcogivui', '#viral', '#nhanvien', '#congcaphe', '#quan1angi', '#caphe', '#2025', '#fyp']","{'title': 'nháº¡c ná»n - CÃ²n thá»Ÿ lÃ  content - RÃ¬ Viu Cho Vui', 'link': '/music/nháº¡c-ná»n-CÃ²n-thá»Ÿ-lÃ -content-7484853097924201232'}","{'likes': '573.7K', 'comments': '5923', 'shares': '432.6K'}",https://www.tiktok.com/@nottuman/video/7524969271366077704
"{'username': 'pth_.69', 'nickname': 'Fuong Thah'}",dáº¡ khÃ³ quÃ¡ chá»‹,"['#blockblast', '#hungrystudio', '#blockblastlove']","{'title': 'nháº¡c ná»n - TÃ³c dÃ i niá»n rÄƒn - Tuáº¥n nuÃ´i tÃ³c dÃ i láº¡i', 'link': '/music/nháº¡c-ná»n-TÃ³c-dÃ i-niá»n-rÄƒn-7491221944923147025'}","{'likes': '419.1K', 'comments': '1753', 'shares': '76.8K'}",https://www.tiktok.com/@pth_.69/video/7519361838459391239
"{'username': 'dramin.vn', 'nickname': 'DRAMIN'}",NguyÃªn táº¯c cá»§a ngÆ°á»i Ä‘Ã n Ã´ng giáº£ gÃ¡i: Má»—i khi khÃ¡ch Ä‘áº¿n nhÃ  chÆ¡i Ä‘á»u pháº£i xÃ¡ch theo má»™t mÃ³n quÃ  nhá»,['#khaunghiep'],"{'title': 'nháº¡c ná»n  - DRAMIN', 'link': '/music/nháº¡c-ná»n-DRAMIN-7524640562919459600'}","{'likes': '198.3K', 'comments': '3903', 'shares': '63.9K'}",https://www.tiktok.com/@dramin.vn/video/7524640519792708882
"{'username': 'new.york.mystery', 'nickname': 'New York Mystery'}",,['#fyp'],"{'title': 'original sound - Neema Pun', 'link': '/music/original-sound-7070755673193089818'}","{'likes': '728.7K', 'comments': '2770', 'shares': '10.8K'}",https://www.tiktok.com/@new.york.mystery/video/7523748982988737806
"{'username': 'chanhvivu', 'nickname': 'Chanh Vivu'}",NghÄ© thÃ´i Ä‘Ã£ buá»“n rá»“i,['#chanhvivu'],"{'title': 'nháº¡c ná»n  - Chanh Vivu', 'link': '/music/nháº¡c-ná»n-Chanh-Vivu-7525009836984044289'}","{'likes': '1.2M', 'comments': '14.8K', 'shares': '407.4K'}",https://www.tiktok.com/@chanhvivu/video/7525009772878236944
"{'username': 'ttcppmc.tdtc', 'nickname': 'Cá»¤C DIá»†N THáº¾ GIá»šI TDTC'}",PHÃš QUá»C VÄ¨NH VIá»„N LÃ€ Cá»¦A VIá»†T NAM â€“ CAMPUCHIA KHÃ”NG THá»‚ Äá»¤NG Äáº¾N #chinhtri #bangtinquocte #chinhtrithailan #hunSen #cuocgoidinhmenh #tinquocte #quydinhngoaigiao #tinnong24h #phantichchinhtri #chinhtridongnama #trungquoc #tapcanbinh #thailan #campuchia,[],"{'title': 'nháº¡c ná»n - Cá»¤C DIá»†N THáº¾ GIá»šI - Cá»¤C DIá»†N THáº¾ GIá»šI TDTC', 'link': '/music/nháº¡c-ná»n-Cá»¤C-DIá»†N-THáº¾-GIá»šI-7524204998105467665'}","{'likes': '264.2K', 'comments': '14.2K', 'shares': '22.2K'}",https://www.tiktok.com/@ttcppmc.tdtc/video/7524204945382329607
"{'username': 'plxhvn2', 'nickname': 'Tin NÃ³ng HÃ ng NgÃ y'}",Em bÆ°á»›c xuá»‘ng xe tá»± tin nhÆ° 1 ná»¯ tháº§n ğŸ˜‚,"['#giaothong', '#phunu', '#vanhoagiaothong', '#luatgiaothong', '#plxhvn', '#phapluatxahoi']","{'title': 'nháº¡c ná»n  - Tin NÃ³ng HÃ ng NgÃ y', 'link': '/music/nháº¡c-ná»n-Tin-NÃ³ng-HÃ ng-NgÃ y-7525684353989446414'}","{'likes': '88.9K', 'comments': '3466', 'shares': '2846'}",https://www.tiktok.com/@plxhvn2/video/7525684266093612302
"{'username': 'dangvuongne', 'nickname': 'ÄÄƒng VÆ°Æ¡ng.'}",MÅ©i khoan tÃ¬nh yÃªu,"['#dangvuong', '#couple', '#xuhuong', '#fyp']","{'title': 'nháº¡c ná»n  - ÄÄƒng VÆ°Æ¡ng.', 'link': '/music/nháº¡c-ná»n-ÄÄƒng-VÆ°Æ¡ng-7524945423748975361'}","{'likes': '355.5K', 'comments': '4325', 'shares': '144.9K'}",https://www.tiktok.com/@dangvuongne/video/7524945396729138440
"{'username': 'ancungkhay', 'nickname': 'Coloring ASMR'}",kháº§y gÃµ quÃ¡ nghá»‡,['#thichtamphuc'],"{'title': 'nháº¡c ná»n - Coloring ASMR', 'link': '/music/nháº¡c-ná»n-7524267423042718495'}","{'likes': '294.4K', 'comments': '5537', 'shares': '258.1K'}",https://www.tiktok.com/@ancungkhay/video/7524267335180373278
"{'username': 'dinhquyettam', 'nickname': 'Bá»‘ Cá»§a Bá»‘ng'}",ÄÆ°á»£c Ä‘i chÆ¡i lÃ  sÆ°á»›ng,"['#bongcolen', '#tretuky', '#tredacbiet', '#bocuabong', '#giadinh']","{'title': 'nháº¡c ná»n  - Bá»‘ Cá»§a Bá»‘ng', 'link': '/music/nháº¡c-ná»n-Bá»‘-Cá»§a-Bá»‘ng-7523917672736983824'}","{'likes': '280.9K', 'comments': '13.3K', 'shares': '84.2K'}",https://www.tiktok.com/@dinhquyettam/video/7523917645914049799
"{'username': 'phucsyno96', 'nickname': 'PhÃºc Syno'}",Ai bá»‹ liá»‡u má»›i hiá»ƒu...,"['#phucsyno', '#syno']","{'title': 'nháº¡c ná»n  - PhÃºc Syno', 'link': '/music/nháº¡c-ná»n-PhÃºc-Syno-7525323542834596625'}","{'likes': '431.6K', 'comments': '9973', 'shares': '170.3K'}",https://www.tiktok.com/@phucsyno96/video/7525323493693607175
"{'username': 'dienvienmanhtruong', 'nickname': 'Nguyen Manh Truong'}",Cáº­u Ä‘ang ngá»§ trÆ°a thÃ¬ cá»© trend vá»›i chá»§ngğŸ¥´ğŸ˜‚ğŸ¤£,[],"{'title': 'nháº¡c ná»n  - Nguyen Manh Truong', 'link': '/music/nháº¡c-ná»n-Nguyen-Manh-Truong-7524568147618876177'}","{'likes': '389.1K', 'comments': '2748', 'shares': '7947'}",https://www.tiktok.com/@dienvienmanhtruong/video/7524568092278607122
"{'username': 'cobedotdiem', 'nickname': 'ChÃºa tá»ƒ Ä‘á»“'}",Váº«n chÆ°a hÃ¬nh dung Ä‘Æ°á»£c máº·c kiá»ƒu gÃ¬,[],"{'title': 'nháº¡c ná»n  - Minh HuyğŸ­', 'link': '/music/nháº¡c-ná»n-Minh-HuyğŸ­-7519792108790663937'}","{'likes': '105.6K', 'comments': '1857', 'shares': '70.5K'}",https://www.tiktok.com/@cobedotdiem/video/7525628277034126610
"{'username': 'taisuan', 'nickname': 'TÃ i XÆ°ng'}",Giá» nhÃ¬n Ä‘Ã¢u cÅ©ng tháº¥y Block Blast lun ğŸ˜­ğŸ˜­ğŸ˜­,"['#blockblast', '#hungrystudio', '#blockblastlove']","{'title': 'nháº¡c ná»n  - TÃ i XÆ°ng', 'link': '/music/nháº¡c-ná»n-TÃ i-XÆ°ng-7518015657686862608'}","{'likes': '456.1K', 'comments': '5215', 'shares': '93.3K'}",https://www.tiktok.com/@taisuan/video/7518015637038435592
