author,description,hashtags,music,engagement,video_url,time_published
"{'username': 'vang.thi.xoa0', 'nickname': 'Thá»‹ xoa .'}",,"['#tiktokindia', '#xhhhhhhhhhhhhhhhhhhhhhhh', '#ğŸ˜ŠğŸ˜Š']","{'title': 'nháº¡c ná»n  - Thá»‹ xoa .', 'link': '/music/nháº¡c-ná»n-Thá»‹-xoa-7524602205152774929'}","{'likes': '145.9K', 'comments': '6201', 'shares': '19.1K'}",https://www.tiktok.com/@vang.thi.xoa0/video/7524602155630660871,
"{'username': 'littlequanzz', 'nickname': 'con CÃ² Ä‘Ã¢y'}","Nhá»¯ng cÃ´ mÃ¨o hoang Ä‘i sÄƒn cÃ¡, toÃ n cÃ¡c em kinh say 2 thoiii","['#concoday', '@Ngá»c Kem', '@MAI HUONG', '@Marko Nguyá»…n', '@Ngá»c Thiá»‡p']","{'title': 'nháº¡c ná»n  - con CÃ² Ä‘Ã¢y', 'link': '/music/nháº¡c-ná»n-con-CÃ²-Ä‘Ã¢y-7524968375694002961'}","{'likes': '387.1K', 'comments': '2344', 'shares': '133.2K'}",https://www.tiktok.com/@littlequanzz/video/7524968348375993608,
"{'username': 'khanhlinhtran02', 'nickname': 'KhÃ¡nh Linh FF ğŸ€'}",May lÃ  cÅ©ng háº¿t bÃ i=))),['#khanhlinhff'],"{'title': 'nháº¡c ná»n  - ğŸ”®Tiá»ƒu VyyğŸ”®', 'link': '/music/nháº¡c-ná»n-ğŸ”®Tiá»ƒu-VyyğŸ”®-7513934317828016913'}","{'likes': '388.3K', 'comments': '6462', 'shares': '16K'}",https://www.tiktok.com/@khanhlinhtran02/video/7521324342399995143,
"{'username': 'lehoa1297', 'nickname': 'lehoa01021997'}",Nháº£y tÃ­ lm gÃ¬ mÃ  cÄƒng,"['#xuhuong', '#hot']","{'title': 'åŸå£° - å¼ â•æ…§ - å¼ å˜‰æ…§', 'link': '/music/åŸå£°-å¼ â•æ…§-7499076205027592961'}","{'likes': '167.8K', 'comments': '3914', 'shares': '6999'}",https://www.tiktok.com/@lehoa1297/video/7523433742342294802,
"{'username': 'ig.khalac248', 'nickname': 'Láº¡c ğŸ¦¦'}",gian Ä‘á»Ÿn,[],"{'title': 'Cáº§m HÃ¹ng Ä‘áº¹c tray nháº¥c vÃ¹n cau - Cáº§m HÃ¹ng', 'link': '/music/Cáº§m-HÃ¹ng-Ä‘áº¹c-tray-nháº¥c-vÃ¹n-cau-7435219903134599966'}","{'likes': '281.3K', 'comments': '1817', 'shares': '29K'}",https://www.tiktok.com/@ig.khalac248/video/7525101002387868946,
"{'username': 'uyenan.h', 'nickname': 'Huá»³nh Uyá»ƒn Ã‚n'}",Sáº¯p xáº¿p thá»i gian nha má»i ngÆ°á»i ... phim Ä‘ang quay ... sáº¯p chiáº¿u,['@ÄoÃ n Tháº¿ Vinh'],"{'title': 'nháº¡c ná»n  - Bin Yet quÃ£i Ä‘áº¡n ğŸ“¸', 'link': '/music/nháº¡c-ná»n-Bin-Yet-quÃ£i-Ä‘áº¡n-ğŸ“¸-7518000305552804625'}","{'likes': '112.2K', 'comments': '354', 'shares': '2245'}",https://www.tiktok.com/@uyenan.h/video/7525416242115644679,
"{'username': 'kame_dance_studio', 'nickname': 'Lá»›p Nháº£y Kame Dance Studio ğŸ’ƒ'}",CÃ³ má»¥t em bÃ© dá»… thÆ°Æ¡ng á»Ÿ Ä‘Ã¢y nÃ¨,"['#kamedancestudio', '#cogaigucci']","{'title': 'nháº¡c ná»n  - Lá»›p Nháº£y Kame Dance Studio ğŸ’ƒ', 'link': '/music/nháº¡c-ná»n-Lá»›p-Nháº£y-Kame-Dance-Studio-ğŸ’ƒ-7525309493698169616'}","{'likes': '121.3K', 'comments': '2168', 'shares': '10.8K'}",https://www.tiktok.com/@kame_dance_studio/video/7525308578266189063,
"{'username': 'xoaikhongchua_99', 'nickname': 'XoÃ i khÃ´ng chua ğŸ¥­'}",Giao diá»‡n hÆ¡i Ä‘á»‘i láº­p mÃ  giá»ng hÃ¡t tÃ´i thÃ­ch ğŸ¤­ğŸ¤­,"['#f', '#fyp']","{'title': 'nháº¡c ná»n  - XoÃ i khÃ´ng chua ğŸ¥­', 'link': '/music/nháº¡c-ná»n-XoÃ i-khÃ´ng-chua-ğŸ¥­-7526203784222640951'}","{'likes': '279.2K', 'comments': '4003', 'shares': '183.1K'}",https://www.tiktok.com/@xoaikhongchua_99/video/7526203667272191287,
"{'username': 'phuongmychiofficial', 'nickname': 'PhÆ°Æ¡ng Má»¹ Chi'}",Suá»µttt! Tá»‘i nay! Tá»¥i mÃ¬nh! Háº¹ háº¹ háº¹,"['#phuongmychi', '#SingAsia']","{'title': 'nháº¡c ná»n  - PhÆ°Æ¡ng Má»¹ Chi', 'link': '/music/nháº¡c-ná»n-PhÆ°Æ¡ng-Má»¹-Chi-7525669742779697921'}","{'likes': '391.3K', 'comments': '3462', 'shares': '6688'}",https://www.tiktok.com/@phuongmychiofficial/video/7525669692564983061,
"{'username': 'kimanhne_36', 'nickname': 'ğŠğšğ§ğ¡ ğƒğšÌ‚ğ®ğ® ğŸ“'}",3 á»™p paaa =))),"['@ğ“šğ“²ğ“¶ ğ“ğ“·ğ“± ğŸ‡»ğŸ‡³', '@SÃ¢u Háº¿t Content ğŸ›', '@Báº¹p báº¹p', '#kanhdau', '#xuhuong']","{'title': 'nháº¡c ná»n - maryy  ğ–¤ - ğ’ğ¡ğğ«ğ²ğ² âœ®', 'link': '/music/nháº¡c-ná»n-maryy-ğ–¤-7486051269593942800'}","{'likes': '189.2K', 'comments': '889', 'shares': '4302'}",https://www.tiktok.com/@kimanhne_36/video/7524219645830712583,
"{'username': 'louispham_203', 'nickname': 'Louispnp203'}","M cÃ³ nÃªn vÃ o tuyá»ƒn QG dancesport láº¡i tiáº¿p tá»¥c cá»‘ng hiáº¿n cho Äáº¥t NÆ°á»›c k mng nhá»‰ğŸ¥° Tháº§y tui muá»‘n Ä‘Æ°a tui Ä‘i thi Ä‘áº¥u vÃ¬ tháº§y báº£o, tui mÃ  k Ä‘i thÃ¬ phÃ­ quÃ¡ máº·c dÃ¹ bh lÃ  22t rÃ¹i hÆ¡i muá»™n. NhÆ°ng biáº¿t Ä‘Ã¢u khi táº­p tháº§y khai phÃ¡ Ä‘Æ°á»£c tui thÃ¬ sáº½ chinh chiáº¿n trÃªn cÃ¡c Ä‘áº¥u trÆ°á»ng quá»‘c táº¿ thÃ¬ sao nhá»‰â˜ºï¸â˜ºï¸",['#louispham203'],"{'title': 'nháº¡c ná»n  - Louispnp203', 'link': '/music/nháº¡c-ná»n-Louispnp203-7524685148839791376'}","{'likes': '225.7K', 'comments': '702', 'shares': '4430'}",https://www.tiktok.com/@louispham_203/video/7524685127276858631,
"{'username': 'lehoa1297', 'nickname': 'lehoa01021997'}",Khi cÃ³ ngÆ°á»i máº¹ cÃ²n thÃ­ch nháº£y hÆ¡n con,"['#xuhuong', '#svm']","{'title': 'original sound - Htet Wai Yanâ˜ï¸', 'link': '/music/original-sound-7505979878391417616'}","{'likes': '56.9K', 'comments': '1181', 'shares': '1648'}",https://www.tiktok.com/@lehoa1297/video/7526404772065332487,
"{'username': '_hamykk', 'nickname': '_trapgirl giáº£i nghá»‡'}",2 ngÃ y ná»¯a Ä‘Ã¡nh giáº£i:,[],"{'title': 'nháº¡c ná»n  - Bin Yet quÃ£i Ä‘áº¡n ğŸ“¸', 'link': '/music/nháº¡c-ná»n-Bin-Yet-quÃ£i-Ä‘áº¡n-ğŸ“¸-7518000305552804625'}","{'likes': '149.9K', 'comments': '707', 'shares': '5256'}",https://www.tiktok.com/@_hamykk/video/7525791049030110484,
"{'username': 'tippitivi', 'nickname': 'Tippi TV'}",Ta Ta Ta sahur - Tippi Tv,['#tippitv'],"{'title': 'nháº¡c ná»n  - Tippi TV', 'link': '/music/nháº¡c-ná»n-Tippi-TV-7525409104895003409'}","{'likes': '29.2K', 'comments': '923', 'shares': '2312'}",https://www.tiktok.com/@tippitivi/video/7525409031616335112,
"{'username': 'kimanhne_36', 'nickname': 'ğŠğšğ§ğ¡ ğƒğšÌ‚ğ®ğ® ğŸ“'}",Láº¡i chung má»™t khung hÃ¬nh ná»¯a rÃ¹i ğŸ¤­,"['@ğ“šğ“²ğ“¶ ğ“ğ“·ğ“± ğŸ‡»ğŸ‡³', '@Tráº§n Nháº­t TÃ¢n', '#xuhuong', '#kanhdau']","{'title': 'nháº¡c ná»n  - ğšƒğš‘Ã¹ğš¢ ğ™ºğš’á»ğš', 'link': '/music/nháº¡c-ná»n-ğšƒğš‘Ã¹ğš¢-ğ™ºğš’á»ğš-7519864134256249616'}","{'likes': '160K', 'comments': '824', 'shares': '2654'}",https://www.tiktok.com/@kimanhne_36/video/7525671270936022290,
"{'username': 'hoa.batdongsan', 'nickname': 'HOA PHAN 2 ğŸ‘…'}",,"['#xyzbca', '@Tráº§n Quang Äá»©c']","{'title': 'nháº¡c ná»n  - Vitamin_girl', 'link': '/music/nháº¡c-ná»n-Vitamingirl-7392606434543913745'}","{'likes': '81.2K', 'comments': '1119', 'shares': '2647'}",https://www.tiktok.com/@hoa.batdongsan/video/7525819331071020295,
"{'username': 'diu.anh7249', 'nickname': 'diá»‡u anh'}",,"['@XuÃ¢n Hoa', '#bungmamdamcuoi']","{'title': 'nháº¡c ná»n - ğ‡ğ¨ğšÌ€ğ§ğ  ğ”Ìğ­ ğŒğ®ğ¬ğ¢ğœ âœˆ - ğ‡ğ¨Ã ğ§ğ  Ãºğ­ ğŒğ®ğ¬ğ¢ğœ âœˆ', 'link': '/music/nháº¡c-ná»n-ğ‡ğ¨ğšÌ€ğ§ğ -ğ”Ìğ­-ğŒğ®ğ¬ğ¢ğœ-âœˆ-7256982571255286534'}","{'likes': '173.4K', 'comments': '7151', 'shares': '30.2K'}",https://www.tiktok.com/@diu.anh7249/video/7525086310109875464,
"{'username': 'alithucphuong', 'nickname': 'Ali Thá»¥c PhÆ°Æ¡ng'}",HÃ´m qua anh Ä‘i Ä‘Ã¢u mÃ  sao anh ko Ä‘Ã³n em,"['#alithucphuong', '#alichannel', '#cogaigucci', '#homquaanhdidau', '#taisaoanhkhongdonem']","{'title': 'nháº¡c ná»n  - Ali Thá»¥c PhÆ°Æ¡ng', 'link': '/music/nháº¡c-ná»n-Ali-Thá»¥c-PhÆ°Æ¡ng-7522042929293740817'}","{'likes': '636.3K', 'comments': '16.9K', 'shares': '22.3K'}",https://www.tiktok.com/@alithucphuong/video/7522042887664602376,
"{'username': 'luyn594', 'nickname': 'Gá»i tá»› lÃ  bÃ´ngğŸŒ¸ğŸŒ¸'}",Cáº£ nhÃ¡p háº¹ háº¹ (dc:?),"['#xh', '#viral', '#xhtiktok']","{'title': 'áŸáŸ†á¡áŸá„áŠá¾á˜  - NAY DET_á“á¶á™áŠáŸá-007â„¢TR', 'link': '/music/áŸáŸ†á¡áŸá„áŠá¾á˜-NAY-DETá“á¶á™áŠáŸá-007â„¢TR-7494198327404448529'}","{'likes': '227.7K', 'comments': '2757', 'shares': '7727'}",https://www.tiktok.com/@luyn594/video/7524976281113480455,
"{'username': 'plxhvn2', 'nickname': 'Tin NÃ³ng HÃ ng NgÃ y'}",BÃ¡nh vá»«a ra lÃ² cÃ¡c chÃ¡u Äƒn ngay cho nÃ³ng ğŸ˜‚,"['#haihuoc', '#haha', '#plxhvn', '#phapluatxahoi']","{'title': 'nháº¡c ná»n  - Tin NÃ³ng HÃ ng NgÃ y', 'link': '/music/nháº¡c-ná»n-Tin-NÃ³ng-HÃ ng-NgÃ y-7525409542478236429'}","{'likes': '25.8K', 'comments': '206', 'shares': '5433'}",https://www.tiktok.com/@plxhvn2/video/7525409510911937847,
"{'username': 'letuankhang2002', 'nickname': 'LÃª Tuáº¥n Khang'}",Táº­p cuá»‘i.,"['#letuankhang', '#Cellphones']","{'title': 'nháº¡c ná»n  - LÃª Tuáº¥n Khang', 'link': '/music/nháº¡c-ná»n-LÃª-Tuáº¥n-Khang-7527259240907115281'}","{'likes': '2.8M', 'comments': '37.9K', 'shares': '304.6K'}",https://www.tiktok.com/@letuankhang2002/video/7527258883841101073,
"{'username': 'color.life.1978', 'nickname': 'SÆ¡n láº¡i cuá»™c Ä‘á»i'}",Máº¥y con gÃ  thÃ¬ biáº¿t gÃ¬ em ğŸ“,['#sonlaicuocdoi'],"{'title': 'nháº¡c ná»n  - SÆ¡n láº¡i cuá»™c Ä‘á»i', 'link': '/music/nháº¡c-ná»n-SÆ¡n-láº¡i-cuá»™c-Ä‘á»i-7524933449371978512'}","{'likes': '442.8K', 'comments': '7265', 'shares': '66.1K'}",https://www.tiktok.com/@color.life.1978/video/7524933293804915986,
"{'username': 'dong.thuydung', 'nickname': 'Äá»“ng Thuá»³ Dung'}",Dá»‹u dÃ ng ná»¯ tÃ­nh tháº¿ cÃ²n gÃ¬,"['#dongthuydung', '#codongnat', '#phamvinh', '#trungthaomai']","{'title': 'nháº¡c ná»n  - Äá»“ng Thuá»³ Dung', 'link': '/music/nháº¡c-ná»n-Äá»“ng-Thuá»³-Dung-7526152940555504400'}","{'likes': '244.7K', 'comments': '3487', 'shares': '11.2K'}",https://www.tiktok.com/@dong.thuydung/video/7526152907763272967,
"{'username': 'vang.thi.xoa0', 'nickname': 'Thá»‹ xoa .'}",,"['#tiktokindia', '#xhhhhhhhhhhhhhhhhhhhhhhh', '#ğŸ˜ŠğŸ˜Š']","{'title': 'nháº¡c ná»n  - Thá»‹ xoa .', 'link': '/music/nháº¡c-ná»n-Thá»‹-xoa-7524602205152774929'}","{'likes': 145900.0, 'comments': 6210, 'shares': 19100.0}",https://www.tiktok.com/@vang.thi.xoa0/video/7524602155630660871,7-8
"{'username': 'littlequanzz', 'nickname': 'con CÃ² Ä‘Ã¢y'}","Nhá»¯ng cÃ´ mÃ¨o hoang Ä‘i sÄƒn cÃ¡, toÃ n cÃ¡c em kinh say 2 thoiii","['#concoday', '@Ngá»c Kem', '@MAI HUONG', '@Marko Nguyá»…n', '@Ngá»c Thiá»‡p']","{'title': 'nháº¡c ná»n  - con CÃ² Ä‘Ã¢y', 'link': '/music/nháº¡c-ná»n-con-CÃ²-Ä‘Ã¢y-7524968375694002961'}","{'likes': 387300.0, 'comments': 2344, 'shares': 133300.0}",https://www.tiktok.com/@littlequanzz/video/7524968348375993608,1w ago
"{'username': 'khanhlinhtran02', 'nickname': 'KhÃ¡nh Linh FF ğŸ€'}",May lÃ  cÅ©ng háº¿t bÃ i=))),['#khanhlinhff'],"{'title': 'nháº¡c ná»n  - ğŸ”®Tiá»ƒu VyyğŸ”®', 'link': '/music/nháº¡c-ná»n-ğŸ”®Tiá»ƒu-VyyğŸ”®-7513934317828016913'}","{'likes': 388400.0, 'comments': 6465, 'shares': 16000.0}",https://www.tiktok.com/@khanhlinhtran02/video/7521324342399995143,6-29
"{'username': 'lehoa1297', 'nickname': 'lehoa01021997'}",Nháº£y tÃ­ lm gÃ¬ mÃ  cÄƒng,"['#xuhuong', '#hot']","{'title': 'åŸå£° - å¼ â•æ…§ - å¼ å˜‰æ…§', 'link': '/music/åŸå£°-å¼ â•æ…§-7499076205027592961'}","{'likes': 167900.0, 'comments': 3916, 'shares': 7004}",https://www.tiktok.com/@lehoa1297/video/7523433742342294802,7-5
"{'username': 'ig.khalac248', 'nickname': 'Láº¡c ğŸ¦¦'}",gian Ä‘á»Ÿn,[],"{'title': 'Cáº§m HÃ¹ng Ä‘áº¹c tray nháº¥c vÃ¹n cau - Cáº§m HÃ¹ng', 'link': '/music/Cáº§m-HÃ¹ng-Ä‘áº¹c-tray-nháº¥c-vÃ¹n-cau-7435219903134599966'}","{'likes': 281400.0, 'comments': 1817, 'shares': 29000.0}",https://www.tiktok.com/@ig.khalac248/video/7525101002387868946,1w ago
"{'username': 'uyenan.h', 'nickname': 'Huá»³nh Uyá»ƒn Ã‚n'}",Sáº¯p xáº¿p thá»i gian nha má»i ngÆ°á»i ... phim Ä‘ang quay ... sáº¯p chiáº¿u,['@ÄoÃ n Tháº¿ Vinh'],"{'title': 'nháº¡c ná»n  - Bin Yet quÃ£i Ä‘áº¡n ğŸ“¸', 'link': '/music/nháº¡c-ná»n-Bin-Yet-quÃ£i-Ä‘áº¡n-ğŸ“¸-7518000305552804625'}","{'likes': 112300.0, 'comments': 354, 'shares': 2245}",https://www.tiktok.com/@uyenan.h/video/7525416242115644679,6d ago
"{'username': 'kame_dance_studio', 'nickname': 'Lá»›p Nháº£y Kame Dance Studio ğŸ’ƒ'}",CÃ³ má»¥t em bÃ© dá»… thÆ°Æ¡ng á»Ÿ Ä‘Ã¢y nÃ¨,"['#kamedancestudio', '#cogaigucci']","{'title': 'nháº¡c ná»n  - Lá»›p Nháº£y Kame Dance Studio ğŸ’ƒ', 'link': '/music/nháº¡c-ná»n-Lá»›p-Nháº£y-Kame-Dance-Studio-ğŸ’ƒ-7525309493698169616'}","{'likes': 121400.0, 'comments': 2168, 'shares': 10800.0}",https://www.tiktok.com/@kame_dance_studio/video/7525308578266189063,1w ago
"{'username': 'xoaikhongchua_99', 'nickname': 'XoÃ i khÃ´ng chua ğŸ¥­'}",Giao diá»‡n hÆ¡i Ä‘á»‘i láº­p mÃ  giá»ng hÃ¡t tÃ´i thÃ­ch ğŸ¤­ğŸ¤­,"['#f', '#fyp']","{'title': 'nháº¡c ná»n  - XoÃ i khÃ´ng chua ğŸ¥­', 'link': '/music/nháº¡c-ná»n-XoÃ i-khÃ´ng-chua-ğŸ¥­-7526203784222640951'}","{'likes': 279500.0, 'comments': 4008, 'shares': 183300.0}",https://www.tiktok.com/@xoaikhongchua_99/video/7526203667272191287,4d ago
"{'username': 'phuongmychiofficial', 'nickname': 'PhÆ°Æ¡ng Má»¹ Chi'}",Suá»µttt! Tá»‘i nay! Tá»¥i mÃ¬nh! Háº¹ háº¹ háº¹,"['#phuongmychi', '#SingAsia']","{'title': 'nháº¡c ná»n  - PhÆ°Æ¡ng Má»¹ Chi', 'link': '/music/nháº¡c-ná»n-PhÆ°Æ¡ng-Má»¹-Chi-7525669742779697921'}","{'likes': 391400.0, 'comments': 3463, 'shares': 6688}",https://www.tiktok.com/@phuongmychiofficial/video/7525669692564983061,6d ago
"{'username': 'littlequanzz', 'nickname': 'con CÃ² Ä‘Ã¢y'}","Nhá»¯ng cÃ´ mÃ¨o hoang Ä‘i sÄƒn cÃ¡, toÃ n cÃ¡c em kinh say 2 thoiii","['#concoday', '@Ngá»c Kem', '@MAI HUONG', '@Marko Nguyá»…n', '@Ngá»c Thiá»‡p']","{'title': 'nháº¡c ná»n  - con CÃ² Ä‘Ã¢y', 'link': '/music/nháº¡c-ná»n-con-CÃ²-Ä‘Ã¢y-7524968375694002961'}","{'likes': 387300.0, 'comments': 2345, 'shares': 133300.0}",https://www.tiktok.com/@littlequanzz/video/7524968348375993608,1w ago
"{'username': 'khanhlinhtran02', 'nickname': 'KhÃ¡nh Linh FF ğŸ€'}",May lÃ  cÅ©ng háº¿t bÃ i=))),['#khanhlinhff'],"{'title': 'nháº¡c ná»n  - ğŸ”®Tiá»ƒu VyyğŸ”®', 'link': '/music/nháº¡c-ná»n-ğŸ”®Tiá»ƒu-VyyğŸ”®-7513934317828016913'}","{'likes': 388400.0, 'comments': 6465, 'shares': 16000.0}",https://www.tiktok.com/@khanhlinhtran02/video/7521324342399995143,6-29
"{'username': 'lehoa1297', 'nickname': 'lehoa01021997'}",Nháº£y tÃ­ lm gÃ¬ mÃ  cÄƒng,"['#xuhuong', '#hot']","{'title': 'åŸå£° - å¼ â•æ…§ - å¼ å˜‰æ…§', 'link': '/music/åŸå£°-å¼ â•æ…§-7499076205027592961'}","{'likes': 167900.0, 'comments': 3916, 'shares': 7004}",https://www.tiktok.com/@lehoa1297/video/7523433742342294802,7-5
"{'username': 'ig.khalac248', 'nickname': 'Láº¡c ğŸ¦¦'}",gian Ä‘á»Ÿn,[],"{'title': 'Cáº§m HÃ¹ng Ä‘áº¹c tray nháº¥c vÃ¹n cau - Cáº§m HÃ¹ng', 'link': '/music/Cáº§m-HÃ¹ng-Ä‘áº¹c-tray-nháº¥c-vÃ¹n-cau-7435219903134599966'}","{'likes': 281400.0, 'comments': 1817, 'shares': 29000.0}",https://www.tiktok.com/@ig.khalac248/video/7525101002387868946,1w ago
"{'username': 'uyenan.h', 'nickname': 'Huá»³nh Uyá»ƒn Ã‚n'}",Sáº¯p xáº¿p thá»i gian nha má»i ngÆ°á»i ... phim Ä‘ang quay ... sáº¯p chiáº¿u,['@ÄoÃ n Tháº¿ Vinh'],"{'title': 'nháº¡c ná»n  - Bin Yet quÃ£i Ä‘áº¡n ğŸ“¸', 'link': '/music/nháº¡c-ná»n-Bin-Yet-quÃ£i-Ä‘áº¡n-ğŸ“¸-7518000305552804625'}","{'likes': 112300.0, 'comments': 354, 'shares': 2245}",https://www.tiktok.com/@uyenan.h/video/7525416242115644679,6d ago
"{'username': 'kame_dance_studio', 'nickname': 'Lá»›p Nháº£y Kame Dance Studio ğŸ’ƒ'}",CÃ³ má»¥t em bÃ© dá»… thÆ°Æ¡ng á»Ÿ Ä‘Ã¢y nÃ¨,"['#kamedancestudio', '#cogaigucci']","{'title': 'nháº¡c ná»n  - Lá»›p Nháº£y Kame Dance Studio ğŸ’ƒ', 'link': '/music/nháº¡c-ná»n-Lá»›p-Nháº£y-Kame-Dance-Studio-ğŸ’ƒ-7525309493698169616'}","{'likes': 121400.0, 'comments': 2168, 'shares': 10800.0}",https://www.tiktok.com/@kame_dance_studio/video/7525308578266189063,1w ago
"{'username': 'xoaikhongchua_99', 'nickname': 'XoÃ i khÃ´ng chua ğŸ¥­'}",Giao diá»‡n hÆ¡i Ä‘á»‘i láº­p mÃ  giá»ng hÃ¡t tÃ´i thÃ­ch ğŸ¤­ğŸ¤­,"['#f', '#fyp']","{'title': 'nháº¡c ná»n  - XoÃ i khÃ´ng chua ğŸ¥­', 'link': '/music/nháº¡c-ná»n-XoÃ i-khÃ´ng-chua-ğŸ¥­-7526203784222640951'}","{'likes': 279500.0, 'comments': 4008, 'shares': 183400.0}",https://www.tiktok.com/@xoaikhongchua_99/video/7526203667272191287,4d ago
"{'username': 'phuongmychiofficial', 'nickname': 'PhÆ°Æ¡ng Má»¹ Chi'}",Suá»µttt! Tá»‘i nay! Tá»¥i mÃ¬nh! Háº¹ háº¹ háº¹,"['#phuongmychi', '#SingAsia']","{'title': 'nháº¡c ná»n  - PhÆ°Æ¡ng Má»¹ Chi', 'link': '/music/nháº¡c-ná»n-PhÆ°Æ¡ng-Má»¹-Chi-7525669742779697921'}","{'likes': 391400.0, 'comments': 3463, 'shares': 6688}",https://www.tiktok.com/@phuongmychiofficial/video/7525669692564983061,6d ago
"{'username': 'kimanhne_36', 'nickname': 'ğŠğšğ§ğ¡ ğƒğšÌ‚ğ®ğ® ğŸ“'}",3 á»™p paaa =))),"['@ğ“šğ“²ğ“¶ ğ“ğ“·ğ“± ğŸ‡»ğŸ‡³', '@SÃ¢u Háº¿t Content ğŸ›', '@Báº¹p báº¹p', '#kanhdau', '#xuhuong']","{'title': 'nháº¡c ná»n - maryy  ğ–¤ - ğ’ğ¡ğğ«ğ²ğ² âœ®', 'link': '/music/nháº¡c-ná»n-maryy-ğ–¤-7486051269593942800'}","{'likes': 189400.0, 'comments': 889, 'shares': 4307}",https://www.tiktok.com/@kimanhne_36/video/7524219645830712583,7-7
"{'username': 'littlequanzz', 'nickname': 'con CÃ² Ä‘Ã¢y'}","Nhá»¯ng cÃ´ mÃ¨o hoang Ä‘i sÄƒn cÃ¡, toÃ n cÃ¡c em kinh say 2 thoiii","['#concoday', '@Ngá»c Kem', '@MAI HUONG', '@Marko Nguyá»…n', '@Ngá»c Thiá»‡p']","{'title': 'nháº¡c ná»n  - con CÃ² Ä‘Ã¢y', 'link': '/music/nháº¡c-ná»n-con-CÃ²-Ä‘Ã¢y-7524968375694002961'}","{'likes': 387400.0, 'comments': 2345, 'shares': 133300.0}",https://www.tiktok.com/@littlequanzz/video/7524968348375993608,1w ago
"{'username': 'khanhlinhtran02', 'nickname': 'KhÃ¡nh Linh FF ğŸ€'}",May lÃ  cÅ©ng háº¿t bÃ i=))),['#khanhlinhff'],"{'title': 'nháº¡c ná»n  - ğŸ”®Tiá»ƒu VyyğŸ”®', 'link': '/music/nháº¡c-ná»n-ğŸ”®Tiá»ƒu-VyyğŸ”®-7513934317828016913'}","{'likes': 388400.0, 'comments': 6465, 'shares': 16000.0}",https://www.tiktok.com/@khanhlinhtran02/video/7521324342399995143,6-29
"{'username': 'lehoa1297', 'nickname': 'lehoa01021997'}",Nháº£y tÃ­ lm gÃ¬ mÃ  cÄƒng,"['#xuhuong', '#hot']","{'title': 'åŸå£° - å¼ â•æ…§ - å¼ å˜‰æ…§', 'link': '/music/åŸå£°-å¼ â•æ…§-7499076205027592961'}","{'likes': 167900.0, 'comments': 3916, 'shares': 7005}",https://www.tiktok.com/@lehoa1297/video/7523433742342294802,7-5
"{'username': 'ig.khalac248', 'nickname': 'Láº¡c ğŸ¦¦'}",gian Ä‘á»Ÿn,[],"{'title': 'Cáº§m HÃ¹ng Ä‘áº¹c tray nháº¥c vÃ¹n cau - Cáº§m HÃ¹ng', 'link': '/music/Cáº§m-HÃ¹ng-Ä‘áº¹c-tray-nháº¥c-vÃ¹n-cau-7435219903134599966'}","{'likes': 281500.0, 'comments': 1817, 'shares': 29000.0}",https://www.tiktok.com/@ig.khalac248/video/7525101002387868946,1w ago
"{'username': 'uyenan.h', 'nickname': 'Huá»³nh Uyá»ƒn Ã‚n'}",Sáº¯p xáº¿p thá»i gian nha má»i ngÆ°á»i ... phim Ä‘ang quay ... sáº¯p chiáº¿u,['@ÄoÃ n Tháº¿ Vinh'],"{'title': 'nháº¡c ná»n  - Bin Yet quÃ£i Ä‘áº¡n ğŸ“¸', 'link': '/music/nháº¡c-ná»n-Bin-Yet-quÃ£i-Ä‘áº¡n-ğŸ“¸-7518000305552804625'}","{'likes': 112300.0, 'comments': 354, 'shares': 2245}",https://www.tiktok.com/@uyenan.h/video/7525416242115644679,6d ago
"{'username': 'kame_dance_studio', 'nickname': 'Lá»›p Nháº£y Kame Dance Studio ğŸ’ƒ'}",CÃ³ má»¥t em bÃ© dá»… thÆ°Æ¡ng á»Ÿ Ä‘Ã¢y nÃ¨,"['#kamedancestudio', '#cogaigucci']","{'title': 'nháº¡c ná»n  - Lá»›p Nháº£y Kame Dance Studio ğŸ’ƒ', 'link': '/music/nháº¡c-ná»n-Lá»›p-Nháº£y-Kame-Dance-Studio-ğŸ’ƒ-7525309493698169616'}","{'likes': 121400.0, 'comments': 2168, 'shares': 10800.0}",https://www.tiktok.com/@kame_dance_studio/video/7525308578266189063,1w ago
"{'username': 'xoaikhongchua_99', 'nickname': 'XoÃ i khÃ´ng chua ğŸ¥­'}",Giao diá»‡n hÆ¡i Ä‘á»‘i láº­p mÃ  giá»ng hÃ¡t tÃ´i thÃ­ch ğŸ¤­ğŸ¤­,"['#f', '#fyp']","{'title': 'nháº¡c ná»n  - XoÃ i khÃ´ng chua ğŸ¥­', 'link': '/music/nháº¡c-ná»n-XoÃ i-khÃ´ng-chua-ğŸ¥­-7526203784222640951'}","{'likes': 279600.0, 'comments': 4008, 'shares': 183400.0}",https://www.tiktok.com/@xoaikhongchua_99/video/7526203667272191287,4d ago
"{'username': 'phuongmychiofficial', 'nickname': 'PhÆ°Æ¡ng Má»¹ Chi'}",Suá»µttt! Tá»‘i nay! Tá»¥i mÃ¬nh! Háº¹ háº¹ háº¹,"['#phuongmychi', '#SingAsia']","{'title': 'nháº¡c ná»n  - PhÆ°Æ¡ng Má»¹ Chi', 'link': '/music/nháº¡c-ná»n-PhÆ°Æ¡ng-Má»¹-Chi-7525669742779697921'}","{'likes': 391500.0, 'comments': 3463, 'shares': 6688}",https://www.tiktok.com/@phuongmychiofficial/video/7525669692564983061,6d ago
"{'username': 'kimanhne_36', 'nickname': 'ğŠğšğ§ğ¡ ğƒğšÌ‚ğ®ğ® ğŸ“'}",3 á»™p paaa =))),"['@ğ“šğ“²ğ“¶ ğ“ğ“·ğ“± ğŸ‡»ğŸ‡³', '@SÃ¢u Háº¿t Content ğŸ›', '@Báº¹p báº¹p', '#kanhdau', '#xuhuong']","{'title': 'nháº¡c ná»n - maryy  ğ–¤ - ğ’ğ¡ğğ«ğ²ğ² âœ®', 'link': '/music/nháº¡c-ná»n-maryy-ğ–¤-7486051269593942800'}","{'likes': 189400.0, 'comments': 889, 'shares': 4311}",https://www.tiktok.com/@kimanhne_36/video/7524219645830712583,7-7
"{'username': 'louispham_203', 'nickname': 'Louispnp203'}","M cÃ³ nÃªn vÃ o tuyá»ƒn QG dancesport láº¡i tiáº¿p tá»¥c cá»‘ng hiáº¿n cho Äáº¥t NÆ°á»›c k mng nhá»‰ğŸ¥° Tháº§y tui muá»‘n Ä‘Æ°a tui Ä‘i thi Ä‘áº¥u vÃ¬ tháº§y báº£o, tui mÃ  k Ä‘i thÃ¬ phÃ­ quÃ¡ máº·c dÃ¹ bh lÃ  22t rÃ¹i hÆ¡i muá»™n. NhÆ°ng biáº¿t Ä‘Ã¢u khi táº­p tháº§y khai phÃ¡ Ä‘Æ°á»£c tui thÃ¬ sáº½ chinh chiáº¿n trÃªn cÃ¡c Ä‘áº¥u trÆ°á»ng quá»‘c táº¿ thÃ¬ sao nhá»‰â˜ºï¸â˜ºï¸",['#louispham203'],"{'title': 'nháº¡c ná»n  - Louispnp203', 'link': '/music/nháº¡c-ná»n-Louispnp203-7524685148839791376'}","{'likes': 225700.0, 'comments': 702, 'shares': 4431}",https://www.tiktok.com/@louispham_203/video/7524685127276858631,7-8
"{'username': 'khanhlinhtran02', 'nickname': 'KhÃ¡nh Linh FF ğŸ€'}",May lÃ  cÅ©ng háº¿t bÃ i=))),['#khanhlinhff'],"{'title': 'nháº¡c ná»n  - ğŸ”®Tiá»ƒu VyyğŸ”®', 'link': '/music/nháº¡c-ná»n-ğŸ”®Tiá»ƒu-VyyğŸ”®-7513934317828016913'}","{'likes': 388400.0, 'comments': 6465, 'shares': 16000.0}",https://www.tiktok.com/@khanhlinhtran02/video/7521324342399995143,6-29
"{'username': 'lehoa1297', 'nickname': 'lehoa01021997'}",Nháº£y tÃ­ lm gÃ¬ mÃ  cÄƒng,"['#xuhuong', '#hot']","{'title': 'åŸå£° - å¼ â•æ…§ - å¼ å˜‰æ…§', 'link': '/music/åŸå£°-å¼ â•æ…§-7499076205027592961'}","{'likes': 167900.0, 'comments': 3916, 'shares': 7006}",https://www.tiktok.com/@lehoa1297/video/7523433742342294802,7-5
"{'username': 'ig.khalac248', 'nickname': 'Láº¡c ğŸ¦¦'}",gian Ä‘á»Ÿn,[],"{'title': 'Cáº§m HÃ¹ng Ä‘áº¹c tray nháº¥c vÃ¹n cau - Cáº§m HÃ¹ng', 'link': '/music/Cáº§m-HÃ¹ng-Ä‘áº¹c-tray-nháº¥c-vÃ¹n-cau-7435219903134599966'}","{'likes': 281500.0, 'comments': 1817, 'shares': 29000.0}",https://www.tiktok.com/@ig.khalac248/video/7525101002387868946,1w ago
"{'username': 'uyenan.h', 'nickname': 'Huá»³nh Uyá»ƒn Ã‚n'}",Sáº¯p xáº¿p thá»i gian nha má»i ngÆ°á»i ... phim Ä‘ang quay ... sáº¯p chiáº¿u,['@ÄoÃ n Tháº¿ Vinh'],"{'title': 'nháº¡c ná»n  - Bin Yet quÃ£i Ä‘áº¡n ğŸ“¸', 'link': '/music/nháº¡c-ná»n-Bin-Yet-quÃ£i-Ä‘áº¡n-ğŸ“¸-7518000305552804625'}","{'likes': 112300.0, 'comments': 354, 'shares': 2245}",https://www.tiktok.com/@uyenan.h/video/7525416242115644679,6d ago
"{'username': 'kame_dance_studio', 'nickname': 'Lá»›p Nháº£y Kame Dance Studio ğŸ’ƒ'}",CÃ³ má»¥t em bÃ© dá»… thÆ°Æ¡ng á»Ÿ Ä‘Ã¢y nÃ¨,"['#kamedancestudio', '#cogaigucci']","{'title': 'nháº¡c ná»n  - Lá»›p Nháº£y Kame Dance Studio ğŸ’ƒ', 'link': '/music/nháº¡c-ná»n-Lá»›p-Nháº£y-Kame-Dance-Studio-ğŸ’ƒ-7525309493698169616'}","{'likes': 121400.0, 'comments': 2168, 'shares': 10800.0}",https://www.tiktok.com/@kame_dance_studio/video/7525308578266189063,1w ago
"{'username': 'xoaikhongchua_99', 'nickname': 'XoÃ i khÃ´ng chua ğŸ¥­'}",Giao diá»‡n hÆ¡i Ä‘á»‘i láº­p mÃ  giá»ng hÃ¡t tÃ´i thÃ­ch ğŸ¤­ğŸ¤­,"['#f', '#fyp']","{'title': 'nháº¡c ná»n  - XoÃ i khÃ´ng chua ğŸ¥­', 'link': '/music/nháº¡c-ná»n-XoÃ i-khÃ´ng-chua-ğŸ¥­-7526203784222640951'}","{'likes': 279700.0, 'comments': 4008, 'shares': 183400.0}",https://www.tiktok.com/@xoaikhongchua_99/video/7526203667272191287,4d ago
"{'username': 'phuongmychiofficial', 'nickname': 'PhÆ°Æ¡ng Má»¹ Chi'}",Suá»µttt! Tá»‘i nay! Tá»¥i mÃ¬nh! Háº¹ háº¹ háº¹,"['#phuongmychi', '#SingAsia']","{'title': 'nháº¡c ná»n  - PhÆ°Æ¡ng Má»¹ Chi', 'link': '/music/nháº¡c-ná»n-PhÆ°Æ¡ng-Má»¹-Chi-7525669742779697921'}","{'likes': 391500.0, 'comments': 3463, 'shares': 6690}",https://www.tiktok.com/@phuongmychiofficial/video/7525669692564983061,6d ago
"{'username': 'kimanhne_36', 'nickname': 'ğŠğšğ§ğ¡ ğƒğšÌ‚ğ®ğ® ğŸ“'}",3 á»™p paaa =))),"['@ğ“šğ“²ğ“¶ ğ“ğ“·ğ“± ğŸ‡»ğŸ‡³', '@SÃ¢u Háº¿t Content ğŸ›', '@Báº¹p báº¹p', '#kanhdau', '#xuhuong']","{'title': 'nháº¡c ná»n - maryy  ğ–¤ - ğ’ğ¡ğğ«ğ²ğ² âœ®', 'link': '/music/nháº¡c-ná»n-maryy-ğ–¤-7486051269593942800'}","{'likes': 189400.0, 'comments': 889, 'shares': 4311}",https://www.tiktok.com/@kimanhne_36/video/7524219645830712583,7-7
"{'username': 'louispham_203', 'nickname': 'Louispnp203'}","M cÃ³ nÃªn vÃ o tuyá»ƒn QG dancesport láº¡i tiáº¿p tá»¥c cá»‘ng hiáº¿n cho Äáº¥t NÆ°á»›c k mng nhá»‰ğŸ¥° Tháº§y tui muá»‘n Ä‘Æ°a tui Ä‘i thi Ä‘áº¥u vÃ¬ tháº§y báº£o, tui mÃ  k Ä‘i thÃ¬ phÃ­ quÃ¡ máº·c dÃ¹ bh lÃ  22t rÃ¹i hÆ¡i muá»™n. NhÆ°ng biáº¿t Ä‘Ã¢u khi táº­p tháº§y khai phÃ¡ Ä‘Æ°á»£c tui thÃ¬ sáº½ chinh chiáº¿n trÃªn cÃ¡c Ä‘áº¥u trÆ°á»ng quá»‘c táº¿ thÃ¬ sao nhá»‰â˜ºï¸â˜ºï¸",['#louispham203'],"{'title': 'nháº¡c ná»n  - Louispnp203', 'link': '/music/nháº¡c-ná»n-Louispnp203-7524685148839791376'}","{'likes': 225700.0, 'comments': 702, 'shares': 4431}",https://www.tiktok.com/@louispham_203/video/7524685127276858631,7-8
"{'username': 'lehoa1297', 'nickname': 'lehoa01021997'}",Khi cÃ³ ngÆ°á»i máº¹ cÃ²n thÃ­ch nháº£y hÆ¡n con,"['#xuhuong', '#svm']","{'title': 'original sound - Htet Wai Yanâ˜ï¸', 'link': '/music/original-sound-7505979878391417616'}","{'likes': 57000.0, 'comments': 1186, 'shares': 1648}",https://www.tiktok.com/@lehoa1297/video/7526404772065332487,4d ago
"{'username': 'lehoa1297', 'nickname': 'lehoa01021997'}",Nháº£y tÃ­ lm gÃ¬ mÃ  cÄƒng,"['#xuhuong', '#hot']","{'title': 'åŸå£° - å¼ â•æ…§ - å¼ å˜‰æ…§', 'link': '/music/åŸå£°-å¼ â•æ…§-7499076205027592961'}","{'likes': 167900.0, 'comments': 3916, 'shares': 7006}",https://www.tiktok.com/@lehoa1297/video/7523433742342294802,7-5
"{'username': 'ig.khalac248', 'nickname': 'Láº¡c ğŸ¦¦'}",gian Ä‘á»Ÿn,[],"{'title': 'Cáº§m HÃ¹ng Ä‘áº¹c tray nháº¥c vÃ¹n cau - Cáº§m HÃ¹ng', 'link': '/music/Cáº§m-HÃ¹ng-Ä‘áº¹c-tray-nháº¥c-vÃ¹n-cau-7435219903134599966'}","{'likes': 281500.0, 'comments': 1817, 'shares': 29000.0}",https://www.tiktok.com/@ig.khalac248/video/7525101002387868946,1w ago
"{'username': 'uyenan.h', 'nickname': 'Huá»³nh Uyá»ƒn Ã‚n'}",Sáº¯p xáº¿p thá»i gian nha má»i ngÆ°á»i ... phim Ä‘ang quay ... sáº¯p chiáº¿u,['@ÄoÃ n Tháº¿ Vinh'],"{'title': 'nháº¡c ná»n  - Bin Yet quÃ£i Ä‘áº¡n ğŸ“¸', 'link': '/music/nháº¡c-ná»n-Bin-Yet-quÃ£i-Ä‘áº¡n-ğŸ“¸-7518000305552804625'}","{'likes': 112300.0, 'comments': 354, 'shares': 2245}",https://www.tiktok.com/@uyenan.h/video/7525416242115644679,6d ago
"{'username': 'kame_dance_studio', 'nickname': 'Lá»›p Nháº£y Kame Dance Studio ğŸ’ƒ'}",CÃ³ má»¥t em bÃ© dá»… thÆ°Æ¡ng á»Ÿ Ä‘Ã¢y nÃ¨,"['#kamedancestudio', '#cogaigucci']","{'title': 'nháº¡c ná»n  - Lá»›p Nháº£y Kame Dance Studio ğŸ’ƒ', 'link': '/music/nháº¡c-ná»n-Lá»›p-Nháº£y-Kame-Dance-Studio-ğŸ’ƒ-7525309493698169616'}","{'likes': 121400.0, 'comments': 2168, 'shares': 10800.0}",https://www.tiktok.com/@kame_dance_studio/video/7525308578266189063,1w ago
"{'username': 'xoaikhongchua_99', 'nickname': 'XoÃ i khÃ´ng chua ğŸ¥­'}",Giao diá»‡n hÆ¡i Ä‘á»‘i láº­p mÃ  giá»ng hÃ¡t tÃ´i thÃ­ch ğŸ¤­ğŸ¤­,"['#f', '#fyp']","{'title': 'nháº¡c ná»n  - XoÃ i khÃ´ng chua ğŸ¥­', 'link': '/music/nháº¡c-ná»n-XoÃ i-khÃ´ng-chua-ğŸ¥­-7526203784222640951'}","{'likes': 279700.0, 'comments': 4008, 'shares': 183400.0}",https://www.tiktok.com/@xoaikhongchua_99/video/7526203667272191287,4d ago
"{'username': 'phuongmychiofficial', 'nickname': 'PhÆ°Æ¡ng Má»¹ Chi'}",Suá»µttt! Tá»‘i nay! Tá»¥i mÃ¬nh! Háº¹ háº¹ háº¹,"['#phuongmychi', '#SingAsia']","{'title': 'nháº¡c ná»n  - PhÆ°Æ¡ng Má»¹ Chi', 'link': '/music/nháº¡c-ná»n-PhÆ°Æ¡ng-Má»¹-Chi-7525669742779697921'}","{'likes': 391500.0, 'comments': 3463, 'shares': 6690}",https://www.tiktok.com/@phuongmychiofficial/video/7525669692564983061,6d ago
"{'username': 'kimanhne_36', 'nickname': 'ğŠğšğ§ğ¡ ğƒğšÌ‚ğ®ğ® ğŸ“'}",3 á»™p paaa =))),"['@ğ“šğ“²ğ“¶ ğ“ğ“·ğ“± ğŸ‡»ğŸ‡³', '@SÃ¢u Háº¿t Content ğŸ›', '@Báº¹p báº¹p', '#kanhdau', '#xuhuong']","{'title': 'nháº¡c ná»n - maryy  ğ–¤ - ğ’ğ¡ğğ«ğ²ğ² âœ®', 'link': '/music/nháº¡c-ná»n-maryy-ğ–¤-7486051269593942800'}","{'likes': 189500.0, 'comments': 889, 'shares': 4311}",https://www.tiktok.com/@kimanhne_36/video/7524219645830712583,7-7
"{'username': 'louispham_203', 'nickname': 'Louispnp203'}","M cÃ³ nÃªn vÃ o tuyá»ƒn QG dancesport láº¡i tiáº¿p tá»¥c cá»‘ng hiáº¿n cho Äáº¥t NÆ°á»›c k mng nhá»‰ğŸ¥° Tháº§y tui muá»‘n Ä‘Æ°a tui Ä‘i thi Ä‘áº¥u vÃ¬ tháº§y báº£o, tui mÃ  k Ä‘i thÃ¬ phÃ­ quÃ¡ máº·c dÃ¹ bh lÃ  22t rÃ¹i hÆ¡i muá»™n. NhÆ°ng biáº¿t Ä‘Ã¢u khi táº­p tháº§y khai phÃ¡ Ä‘Æ°á»£c tui thÃ¬ sáº½ chinh chiáº¿n trÃªn cÃ¡c Ä‘áº¥u trÆ°á»ng quá»‘c táº¿ thÃ¬ sao nhá»‰â˜ºï¸â˜ºï¸",['#louispham203'],"{'title': 'nháº¡c ná»n  - Louispnp203', 'link': '/music/nháº¡c-ná»n-Louispnp203-7524685148839791376'}","{'likes': 225700.0, 'comments': 702, 'shares': 4431}",https://www.tiktok.com/@louispham_203/video/7524685127276858631,7-8
"{'username': 'lehoa1297', 'nickname': 'lehoa01021997'}",Khi cÃ³ ngÆ°á»i máº¹ cÃ²n thÃ­ch nháº£y hÆ¡n con,"['#xuhuong', '#svm']","{'title': 'original sound - Htet Wai Yanâ˜ï¸', 'link': '/music/original-sound-7505979878391417616'}","{'likes': 57000.0, 'comments': 1186, 'shares': 1648}",https://www.tiktok.com/@lehoa1297/video/7526404772065332487,4d ago
"{'username': '_hamykk', 'nickname': '_trapgirl giáº£i nghá»‡'}",2 ngÃ y ná»¯a Ä‘Ã¡nh giáº£i:,[],"{'title': 'nháº¡c ná»n  - Bin Yet quÃ£i Ä‘áº¡n ğŸ“¸', 'link': '/music/nháº¡c-ná»n-Bin-Yet-quÃ£i-Ä‘áº¡n-ğŸ“¸-7518000305552804625'}","{'likes': 150000.0, 'comments': 707, 'shares': 5258}",https://www.tiktok.com/@_hamykk/video/7525791049030110484,5d ago
"{'username': 'ig.khalac248', 'nickname': 'Láº¡c ğŸ¦¦'}",gian Ä‘á»Ÿn,[],"{'title': 'Cáº§m HÃ¹ng Ä‘áº¹c tray nháº¥c vÃ¹n cau - Cáº§m HÃ¹ng', 'link': '/music/Cáº§m-HÃ¹ng-Ä‘áº¹c-tray-nháº¥c-vÃ¹n-cau-7435219903134599966'}","{'likes': 281500.0, 'comments': 1817, 'shares': 29000.0}",https://www.tiktok.com/@ig.khalac248/video/7525101002387868946,1w ago
"{'username': 'uyenan.h', 'nickname': 'Huá»³nh Uyá»ƒn Ã‚n'}",Sáº¯p xáº¿p thá»i gian nha má»i ngÆ°á»i ... phim Ä‘ang quay ... sáº¯p chiáº¿u,['@ÄoÃ n Tháº¿ Vinh'],"{'title': 'nháº¡c ná»n  - Bin Yet quÃ£i Ä‘áº¡n ğŸ“¸', 'link': '/music/nháº¡c-ná»n-Bin-Yet-quÃ£i-Ä‘áº¡n-ğŸ“¸-7518000305552804625'}","{'likes': 112300.0, 'comments': 354, 'shares': 2245}",https://www.tiktok.com/@uyenan.h/video/7525416242115644679,6d ago
"{'username': 'kame_dance_studio', 'nickname': 'Lá»›p Nháº£y Kame Dance Studio ğŸ’ƒ'}",CÃ³ má»¥t em bÃ© dá»… thÆ°Æ¡ng á»Ÿ Ä‘Ã¢y nÃ¨,"['#kamedancestudio', '#cogaigucci']","{'title': 'nháº¡c ná»n  - Lá»›p Nháº£y Kame Dance Studio ğŸ’ƒ', 'link': '/music/nháº¡c-ná»n-Lá»›p-Nháº£y-Kame-Dance-Studio-ğŸ’ƒ-7525309493698169616'}","{'likes': 121400.0, 'comments': 2169, 'shares': 10800.0}",https://www.tiktok.com/@kame_dance_studio/video/7525308578266189063,1w ago
"{'username': 'xoaikhongchua_99', 'nickname': 'XoÃ i khÃ´ng chua ğŸ¥­'}",Giao diá»‡n hÆ¡i Ä‘á»‘i láº­p mÃ  giá»ng hÃ¡t tÃ´i thÃ­ch ğŸ¤­ğŸ¤­,"['#f', '#fyp']","{'title': 'nháº¡c ná»n  - XoÃ i khÃ´ng chua ğŸ¥­', 'link': '/music/nháº¡c-ná»n-XoÃ i-khÃ´ng-chua-ğŸ¥­-7526203784222640951'}","{'likes': 279800.0, 'comments': 4008, 'shares': 183500.0}",https://www.tiktok.com/@xoaikhongchua_99/video/7526203667272191287,4d ago
"{'username': 'phuongmychiofficial', 'nickname': 'PhÆ°Æ¡ng Má»¹ Chi'}",Suá»µttt! Tá»‘i nay! Tá»¥i mÃ¬nh! Háº¹ háº¹ háº¹,"['#phuongmychi', '#SingAsia']","{'title': 'nháº¡c ná»n  - PhÆ°Æ¡ng Má»¹ Chi', 'link': '/music/nháº¡c-ná»n-PhÆ°Æ¡ng-Má»¹-Chi-7525669742779697921'}","{'likes': 391500.0, 'comments': 3463, 'shares': 6691}",https://www.tiktok.com/@phuongmychiofficial/video/7525669692564983061,6d ago
"{'username': 'kimanhne_36', 'nickname': 'ğŠğšğ§ğ¡ ğƒğšÌ‚ğ®ğ® ğŸ“'}",3 á»™p paaa =))),"['@ğ“šğ“²ğ“¶ ğ“ğ“·ğ“± ğŸ‡»ğŸ‡³', '@SÃ¢u Háº¿t Content ğŸ›', '@Báº¹p báº¹p', '#kanhdau', '#xuhuong']","{'title': 'nháº¡c ná»n - maryy  ğ–¤ - ğ’ğ¡ğğ«ğ²ğ² âœ®', 'link': '/music/nháº¡c-ná»n-maryy-ğ–¤-7486051269593942800'}","{'likes': 189500.0, 'comments': 889, 'shares': 4313}",https://www.tiktok.com/@kimanhne_36/video/7524219645830712583,7-7
"{'username': 'louispham_203', 'nickname': 'Louispnp203'}","M cÃ³ nÃªn vÃ o tuyá»ƒn QG dancesport láº¡i tiáº¿p tá»¥c cá»‘ng hiáº¿n cho Äáº¥t NÆ°á»›c k mng nhá»‰ğŸ¥° Tháº§y tui muá»‘n Ä‘Æ°a tui Ä‘i thi Ä‘áº¥u vÃ¬ tháº§y báº£o, tui mÃ  k Ä‘i thÃ¬ phÃ­ quÃ¡ máº·c dÃ¹ bh lÃ  22t rÃ¹i hÆ¡i muá»™n. NhÆ°ng biáº¿t Ä‘Ã¢u khi táº­p tháº§y khai phÃ¡ Ä‘Æ°á»£c tui thÃ¬ sáº½ chinh chiáº¿n trÃªn cÃ¡c Ä‘áº¥u trÆ°á»ng quá»‘c táº¿ thÃ¬ sao nhá»‰â˜ºï¸â˜ºï¸",['#louispham203'],"{'title': 'nháº¡c ná»n  - Louispnp203', 'link': '/music/nháº¡c-ná»n-Louispnp203-7524685148839791376'}","{'likes': 225700.0, 'comments': 702, 'shares': 4431}",https://www.tiktok.com/@louispham_203/video/7524685127276858631,7-8
"{'username': 'lehoa1297', 'nickname': 'lehoa01021997'}",Khi cÃ³ ngÆ°á»i máº¹ cÃ²n thÃ­ch nháº£y hÆ¡n con,"['#xuhuong', '#svm']","{'title': 'original sound - Htet Wai Yanâ˜ï¸', 'link': '/music/original-sound-7505979878391417616'}","{'likes': 57000.0, 'comments': 1186, 'shares': 1648}",https://www.tiktok.com/@lehoa1297/video/7526404772065332487,4d ago
"{'username': '_hamykk', 'nickname': '_trapgirl giáº£i nghá»‡'}",2 ngÃ y ná»¯a Ä‘Ã¡nh giáº£i:,[],"{'title': 'nháº¡c ná»n  - Bin Yet quÃ£i Ä‘áº¡n ğŸ“¸', 'link': '/music/nháº¡c-ná»n-Bin-Yet-quÃ£i-Ä‘áº¡n-ğŸ“¸-7518000305552804625'}","{'likes': 150000.0, 'comments': 708, 'shares': 5258}",https://www.tiktok.com/@_hamykk/video/7525791049030110484,5d ago
"{'username': 'tippitivi', 'nickname': 'Tippi TV'}",Ta Ta Ta sahur - Tippi Tv,['#tippitv'],"{'title': 'nháº¡c ná»n  - Tippi TV', 'link': '/music/nháº¡c-ná»n-Tippi-TV-7525409104895003409'}","{'likes': 29200.0, 'comments': 923, 'shares': 2312}",https://www.tiktok.com/@tippitivi/video/7525409031616335112,6d ago
"{'username': 'uyenan.h', 'nickname': 'Huá»³nh Uyá»ƒn Ã‚n'}",Sáº¯p xáº¿p thá»i gian nha má»i ngÆ°á»i ... phim Ä‘ang quay ... sáº¯p chiáº¿u,['@ÄoÃ n Tháº¿ Vinh'],"{'title': 'nháº¡c ná»n  - Bin Yet quÃ£i Ä‘áº¡n ğŸ“¸', 'link': '/music/nháº¡c-ná»n-Bin-Yet-quÃ£i-Ä‘áº¡n-ğŸ“¸-7518000305552804625'}","{'likes': 112300.0, 'comments': 354, 'shares': 2245}",https://www.tiktok.com/@uyenan.h/video/7525416242115644679,6d ago
"{'username': 'kame_dance_studio', 'nickname': 'Lá»›p Nháº£y Kame Dance Studio ğŸ’ƒ'}",CÃ³ má»¥t em bÃ© dá»… thÆ°Æ¡ng á»Ÿ Ä‘Ã¢y nÃ¨,"['#kamedancestudio', '#cogaigucci']","{'title': 'nháº¡c ná»n  - Lá»›p Nháº£y Kame Dance Studio ğŸ’ƒ', 'link': '/music/nháº¡c-ná»n-Lá»›p-Nháº£y-Kame-Dance-Studio-ğŸ’ƒ-7525309493698169616'}","{'likes': 121400.0, 'comments': 2169, 'shares': 10800.0}",https://www.tiktok.com/@kame_dance_studio/video/7525308578266189063,1w ago
"{'username': 'xoaikhongchua_99', 'nickname': 'XoÃ i khÃ´ng chua ğŸ¥­'}",Giao diá»‡n hÆ¡i Ä‘á»‘i láº­p mÃ  giá»ng hÃ¡t tÃ´i thÃ­ch ğŸ¤­ğŸ¤­,"['#f', '#fyp']","{'title': 'nháº¡c ná»n  - XoÃ i khÃ´ng chua ğŸ¥­', 'link': '/music/nháº¡c-ná»n-XoÃ i-khÃ´ng-chua-ğŸ¥­-7526203784222640951'}","{'likes': 279900.0, 'comments': 4008, 'shares': 183600.0}",https://www.tiktok.com/@xoaikhongchua_99/video/7526203667272191287,4d ago
"{'username': 'phuongmychiofficial', 'nickname': 'PhÆ°Æ¡ng Má»¹ Chi'}",Suá»µttt! Tá»‘i nay! Tá»¥i mÃ¬nh! Háº¹ háº¹ háº¹,"['#phuongmychi', '#SingAsia']","{'title': 'nháº¡c ná»n  - PhÆ°Æ¡ng Má»¹ Chi', 'link': '/music/nháº¡c-ná»n-PhÆ°Æ¡ng-Má»¹-Chi-7525669742779697921'}","{'likes': 391600.0, 'comments': 3463, 'shares': 6691}",https://www.tiktok.com/@phuongmychiofficial/video/7525669692564983061,6d ago
"{'username': 'kimanhne_36', 'nickname': 'ğŠğšğ§ğ¡ ğƒğšÌ‚ğ®ğ® ğŸ“'}",3 á»™p paaa =))),"['@ğ“šğ“²ğ“¶ ğ“ğ“·ğ“± ğŸ‡»ğŸ‡³', '@SÃ¢u Háº¿t Content ğŸ›', '@Báº¹p báº¹p', '#kanhdau', '#xuhuong']","{'title': 'nháº¡c ná»n - maryy  ğ–¤ - ğ’ğ¡ğğ«ğ²ğ² âœ®', 'link': '/music/nháº¡c-ná»n-maryy-ğ–¤-7486051269593942800'}","{'likes': 189500.0, 'comments': 889, 'shares': 4313}",https://www.tiktok.com/@kimanhne_36/video/7524219645830712583,7-7
"{'username': 'louispham_203', 'nickname': 'Louispnp203'}","M cÃ³ nÃªn vÃ o tuyá»ƒn QG dancesport láº¡i tiáº¿p tá»¥c cá»‘ng hiáº¿n cho Äáº¥t NÆ°á»›c k mng nhá»‰ğŸ¥° Tháº§y tui muá»‘n Ä‘Æ°a tui Ä‘i thi Ä‘áº¥u vÃ¬ tháº§y báº£o, tui mÃ  k Ä‘i thÃ¬ phÃ­ quÃ¡ máº·c dÃ¹ bh lÃ  22t rÃ¹i hÆ¡i muá»™n. NhÆ°ng biáº¿t Ä‘Ã¢u khi táº­p tháº§y khai phÃ¡ Ä‘Æ°á»£c tui thÃ¬ sáº½ chinh chiáº¿n trÃªn cÃ¡c Ä‘áº¥u trÆ°á»ng quá»‘c táº¿ thÃ¬ sao nhá»‰â˜ºï¸â˜ºï¸",['#louispham203'],"{'title': 'nháº¡c ná»n  - Louispnp203', 'link': '/music/nháº¡c-ná»n-Louispnp203-7524685148839791376'}","{'likes': 225700.0, 'comments': 702, 'shares': 4431}",https://www.tiktok.com/@louispham_203/video/7524685127276858631,7-8
"{'username': 'lehoa1297', 'nickname': 'lehoa01021997'}",Khi cÃ³ ngÆ°á»i máº¹ cÃ²n thÃ­ch nháº£y hÆ¡n con,"['#xuhuong', '#svm']","{'title': 'original sound - Htet Wai Yanâ˜ï¸', 'link': '/music/original-sound-7505979878391417616'}","{'likes': 57000.0, 'comments': 1186, 'shares': 1648}",https://www.tiktok.com/@lehoa1297/video/7526404772065332487,4d ago
"{'username': '_hamykk', 'nickname': '_trapgirl giáº£i nghá»‡'}",2 ngÃ y ná»¯a Ä‘Ã¡nh giáº£i:,[],"{'title': 'nháº¡c ná»n  - Bin Yet quÃ£i Ä‘áº¡n ğŸ“¸', 'link': '/music/nháº¡c-ná»n-Bin-Yet-quÃ£i-Ä‘áº¡n-ğŸ“¸-7518000305552804625'}","{'likes': 150000.0, 'comments': 708, 'shares': 5258}",https://www.tiktok.com/@_hamykk/video/7525791049030110484,5d ago
"{'username': 'tippitivi', 'nickname': 'Tippi TV'}",Ta Ta Ta sahur - Tippi Tv,['#tippitv'],"{'title': 'nháº¡c ná»n  - Tippi TV', 'link': '/music/nháº¡c-ná»n-Tippi-TV-7525409104895003409'}","{'likes': 29200.0, 'comments': 923, 'shares': 2312}",https://www.tiktok.com/@tippitivi/video/7525409031616335112,6d ago
"{'username': '_halinhtran_', 'nickname': 'Tráº§n HÃ  Linh ğŸ°'}",muá»‘n Ä‘Æ°á»£c top 1 trend,[],"{'title': 'nháº¡c ná»n  - ğŸ”®Tiá»ƒu VyyğŸ”®', 'link': '/music/nháº¡c-ná»n-ğŸ”®Tiá»ƒu-VyyğŸ”®-7513934317828016913'}","{'likes': 543800.0, 'comments': 3294, 'shares': 29300.0}",https://www.tiktok.com/@_halinhtran_/video/7522839109811932423,7-3
"{'username': 'kame_dance_studio', 'nickname': 'Lá»›p Nháº£y Kame Dance Studio ğŸ’ƒ'}",CÃ³ má»¥t em bÃ© dá»… thÆ°Æ¡ng á»Ÿ Ä‘Ã¢y nÃ¨,"['#kamedancestudio', '#cogaigucci']","{'title': 'nháº¡c ná»n  - Lá»›p Nháº£y Kame Dance Studio ğŸ’ƒ', 'link': '/music/nháº¡c-ná»n-Lá»›p-Nháº£y-Kame-Dance-Studio-ğŸ’ƒ-7525309493698169616'}","{'likes': 121400.0, 'comments': 2171, 'shares': 10800.0}",https://www.tiktok.com/@kame_dance_studio/video/7525308578266189063,1w ago
"{'username': 'xoaikhongchua_99', 'nickname': 'XoÃ i khÃ´ng chua ğŸ¥­'}",Giao diá»‡n hÆ¡i Ä‘á»‘i láº­p mÃ  giá»ng hÃ¡t tÃ´i thÃ­ch ğŸ¤­ğŸ¤­,"['#f', '#fyp']","{'title': 'nháº¡c ná»n  - XoÃ i khÃ´ng chua ğŸ¥­', 'link': '/music/nháº¡c-ná»n-XoÃ i-khÃ´ng-chua-ğŸ¥­-7526203784222640951'}","{'likes': 279900.0, 'comments': 4008, 'shares': 183600.0}",https://www.tiktok.com/@xoaikhongchua_99/video/7526203667272191287,4d ago
"{'username': 'phuongmychiofficial', 'nickname': 'PhÆ°Æ¡ng Má»¹ Chi'}",Suá»µttt! Tá»‘i nay! Tá»¥i mÃ¬nh! Háº¹ háº¹ háº¹,"['#phuongmychi', '#SingAsia']","{'title': 'nháº¡c ná»n  - PhÆ°Æ¡ng Má»¹ Chi', 'link': '/music/nháº¡c-ná»n-PhÆ°Æ¡ng-Má»¹-Chi-7525669742779697921'}","{'likes': 391600.0, 'comments': 3463, 'shares': 6691}",https://www.tiktok.com/@phuongmychiofficial/video/7525669692564983061,6d ago
"{'username': 'kimanhne_36', 'nickname': 'ğŠğšğ§ğ¡ ğƒğšÌ‚ğ®ğ® ğŸ“'}",3 á»™p paaa =))),"['@ğ“šğ“²ğ“¶ ğ“ğ“·ğ“± ğŸ‡»ğŸ‡³', '@SÃ¢u Háº¿t Content ğŸ›', '@Báº¹p báº¹p', '#kanhdau', '#xuhuong']","{'title': 'nháº¡c ná»n - maryy  ğ–¤ - ğ’ğ¡ğğ«ğ²ğ² âœ®', 'link': '/music/nháº¡c-ná»n-maryy-ğ–¤-7486051269593942800'}","{'likes': 189500.0, 'comments': 890, 'shares': 4313}",https://www.tiktok.com/@kimanhne_36/video/7524219645830712583,7-7
"{'username': 'louispham_203', 'nickname': 'Louispnp203'}","M cÃ³ nÃªn vÃ o tuyá»ƒn QG dancesport láº¡i tiáº¿p tá»¥c cá»‘ng hiáº¿n cho Äáº¥t NÆ°á»›c k mng nhá»‰ğŸ¥° Tháº§y tui muá»‘n Ä‘Æ°a tui Ä‘i thi Ä‘áº¥u vÃ¬ tháº§y báº£o, tui mÃ  k Ä‘i thÃ¬ phÃ­ quÃ¡ máº·c dÃ¹ bh lÃ  22t rÃ¹i hÆ¡i muá»™n. NhÆ°ng biáº¿t Ä‘Ã¢u khi táº­p tháº§y khai phÃ¡ Ä‘Æ°á»£c tui thÃ¬ sáº½ chinh chiáº¿n trÃªn cÃ¡c Ä‘áº¥u trÆ°á»ng quá»‘c táº¿ thÃ¬ sao nhá»‰â˜ºï¸â˜ºï¸",['#louispham203'],"{'title': 'nháº¡c ná»n  - Louispnp203', 'link': '/music/nháº¡c-ná»n-Louispnp203-7524685148839791376'}","{'likes': 225800.0, 'comments': 702, 'shares': 4431}",https://www.tiktok.com/@louispham_203/video/7524685127276858631,7-8
"{'username': 'lehoa1297', 'nickname': 'lehoa01021997'}",Khi cÃ³ ngÆ°á»i máº¹ cÃ²n thÃ­ch nháº£y hÆ¡n con,"['#xuhuong', '#svm']","{'title': 'original sound - Htet Wai Yanâ˜ï¸', 'link': '/music/original-sound-7505979878391417616'}","{'likes': 57100.0, 'comments': 1186, 'shares': 1648}",https://www.tiktok.com/@lehoa1297/video/7526404772065332487,4d ago
"{'username': '_hamykk', 'nickname': '_trapgirl giáº£i nghá»‡'}",2 ngÃ y ná»¯a Ä‘Ã¡nh giáº£i:,[],"{'title': 'nháº¡c ná»n  - Bin Yet quÃ£i Ä‘áº¡n ğŸ“¸', 'link': '/music/nháº¡c-ná»n-Bin-Yet-quÃ£i-Ä‘áº¡n-ğŸ“¸-7518000305552804625'}","{'likes': 150000.0, 'comments': 708, 'shares': 5258}",https://www.tiktok.com/@_hamykk/video/7525791049030110484,5d ago
"{'username': 'tippitivi', 'nickname': 'Tippi TV'}",Ta Ta Ta sahur - Tippi Tv,['#tippitv'],"{'title': 'nháº¡c ná»n  - Tippi TV', 'link': '/music/nháº¡c-ná»n-Tippi-TV-7525409104895003409'}","{'likes': 29200.0, 'comments': 924, 'shares': 2312}",https://www.tiktok.com/@tippitivi/video/7525409031616335112,6d ago
"{'username': '_halinhtran_', 'nickname': 'Tráº§n HÃ  Linh ğŸ°'}",muá»‘n Ä‘Æ°á»£c top 1 trend,[],"{'title': 'nháº¡c ná»n  - ğŸ”®Tiá»ƒu VyyğŸ”®', 'link': '/music/nháº¡c-ná»n-ğŸ”®Tiá»ƒu-VyyğŸ”®-7513934317828016913'}","{'likes': 543900.0, 'comments': 3294, 'shares': 29300.0}",https://www.tiktok.com/@_halinhtran_/video/7522839109811932423,7-3
"{'username': 'kimanhne_36', 'nickname': 'ğŠğšğ§ğ¡ ğƒğšÌ‚ğ®ğ® ğŸ“'}",Láº¡i chung má»™t khung hÃ¬nh ná»¯a rÃ¹i ğŸ¤­,"['@ğ“šğ“²ğ“¶ ğ“ğ“·ğ“± ğŸ‡»ğŸ‡³', '@Tráº§n Nháº­t TÃ¢n', '#xuhuong', '#kanhdau']","{'title': 'nháº¡c ná»n  - ğšƒğš‘Ã¹ğš¢ ğ™ºğš’á»ğš', 'link': '/music/nháº¡c-ná»n-ğšƒğš‘Ã¹ğš¢-ğ™ºğš’á»ğš-7519864134256249616'}","{'likes': 160100.0, 'comments': 824, 'shares': 2654}",https://www.tiktok.com/@kimanhne_36/video/7525671270936022290,6d ago
"{'username': 'xoaikhongchua_99', 'nickname': 'XoÃ i khÃ´ng chua ğŸ¥­'}",Giao diá»‡n hÆ¡i Ä‘á»‘i láº­p mÃ  giá»ng hÃ¡t tÃ´i thÃ­ch ğŸ¤­ğŸ¤­,"['#f', '#fyp']","{'title': 'nháº¡c ná»n  - XoÃ i khÃ´ng chua ğŸ¥­', 'link': '/music/nháº¡c-ná»n-XoÃ i-khÃ´ng-chua-ğŸ¥­-7526203784222640951'}","{'likes': 280000.0, 'comments': 4008, 'shares': 183600.0}",https://www.tiktok.com/@xoaikhongchua_99/video/7526203667272191287,4d ago
"{'username': 'phuongmychiofficial', 'nickname': 'PhÆ°Æ¡ng Má»¹ Chi'}",Suá»µttt! Tá»‘i nay! Tá»¥i mÃ¬nh! Háº¹ háº¹ háº¹,"['#phuongmychi', '#SingAsia']","{'title': 'nháº¡c ná»n  - PhÆ°Æ¡ng Má»¹ Chi', 'link': '/music/nháº¡c-ná»n-PhÆ°Æ¡ng-Má»¹-Chi-7525669742779697921'}","{'likes': 391600.0, 'comments': 3463, 'shares': 6691}",https://www.tiktok.com/@phuongmychiofficial/video/7525669692564983061,6d ago
"{'username': 'kimanhne_36', 'nickname': 'ğŠğšğ§ğ¡ ğƒğšÌ‚ğ®ğ® ğŸ“'}",3 á»™p paaa =))),"['@ğ“šğ“²ğ“¶ ğ“ğ“·ğ“± ğŸ‡»ğŸ‡³', '@SÃ¢u Háº¿t Content ğŸ›', '@Báº¹p báº¹p', '#kanhdau', '#xuhuong']","{'title': 'nháº¡c ná»n - maryy  ğ–¤ - ğ’ğ¡ğğ«ğ²ğ² âœ®', 'link': '/music/nháº¡c-ná»n-maryy-ğ–¤-7486051269593942800'}","{'likes': 189600.0, 'comments': 891, 'shares': 4313}",https://www.tiktok.com/@kimanhne_36/video/7524219645830712583,7-7
"{'username': 'louispham_203', 'nickname': 'Louispnp203'}","M cÃ³ nÃªn vÃ o tuyá»ƒn QG dancesport láº¡i tiáº¿p tá»¥c cá»‘ng hiáº¿n cho Äáº¥t NÆ°á»›c k mng nhá»‰ğŸ¥° Tháº§y tui muá»‘n Ä‘Æ°a tui Ä‘i thi Ä‘áº¥u vÃ¬ tháº§y báº£o, tui mÃ  k Ä‘i thÃ¬ phÃ­ quÃ¡ máº·c dÃ¹ bh lÃ  22t rÃ¹i hÆ¡i muá»™n. NhÆ°ng biáº¿t Ä‘Ã¢u khi táº­p tháº§y khai phÃ¡ Ä‘Æ°á»£c tui thÃ¬ sáº½ chinh chiáº¿n trÃªn cÃ¡c Ä‘áº¥u trÆ°á»ng quá»‘c táº¿ thÃ¬ sao nhá»‰â˜ºï¸â˜ºï¸",['#louispham203'],"{'title': 'nháº¡c ná»n  - Louispnp203', 'link': '/music/nháº¡c-ná»n-Louispnp203-7524685148839791376'}","{'likes': 225800.0, 'comments': 702, 'shares': 4431}",https://www.tiktok.com/@louispham_203/video/7524685127276858631,7-8
"{'username': 'lehoa1297', 'nickname': 'lehoa01021997'}",Khi cÃ³ ngÆ°á»i máº¹ cÃ²n thÃ­ch nháº£y hÆ¡n con,"['#xuhuong', '#svm']","{'title': 'original sound - Htet Wai Yanâ˜ï¸', 'link': '/music/original-sound-7505979878391417616'}","{'likes': 57100.0, 'comments': 1188, 'shares': 1648}",https://www.tiktok.com/@lehoa1297/video/7526404772065332487,4d ago
"{'username': '_hamykk', 'nickname': '_trapgirl giáº£i nghá»‡'}",2 ngÃ y ná»¯a Ä‘Ã¡nh giáº£i:,[],"{'title': 'nháº¡c ná»n  - Bin Yet quÃ£i Ä‘áº¡n ğŸ“¸', 'link': '/music/nháº¡c-ná»n-Bin-Yet-quÃ£i-Ä‘áº¡n-ğŸ“¸-7518000305552804625'}","{'likes': 150000.0, 'comments': 708, 'shares': 5258}",https://www.tiktok.com/@_hamykk/video/7525791049030110484,5d ago
"{'username': 'tippitivi', 'nickname': 'Tippi TV'}",Ta Ta Ta sahur - Tippi Tv,['#tippitv'],"{'title': 'nháº¡c ná»n  - Tippi TV', 'link': '/music/nháº¡c-ná»n-Tippi-TV-7525409104895003409'}","{'likes': 29200.0, 'comments': 924, 'shares': 2312}",https://www.tiktok.com/@tippitivi/video/7525409031616335112,6d ago
"{'username': '_halinhtran_', 'nickname': 'Tráº§n HÃ  Linh ğŸ°'}",muá»‘n Ä‘Æ°á»£c top 1 trend,[],"{'title': 'nháº¡c ná»n  - ğŸ”®Tiá»ƒu VyyğŸ”®', 'link': '/music/nháº¡c-ná»n-ğŸ”®Tiá»ƒu-VyyğŸ”®-7513934317828016913'}","{'likes': 543900.0, 'comments': 3294, 'shares': 29300.0}",https://www.tiktok.com/@_halinhtran_/video/7522839109811932423,7-3
"{'username': 'kimanhne_36', 'nickname': 'ğŠğšğ§ğ¡ ğƒğšÌ‚ğ®ğ® ğŸ“'}",Láº¡i chung má»™t khung hÃ¬nh ná»¯a rÃ¹i ğŸ¤­,"['@ğ“šğ“²ğ“¶ ğ“ğ“·ğ“± ğŸ‡»ğŸ‡³', '@Tráº§n Nháº­t TÃ¢n', '#xuhuong', '#kanhdau']","{'title': 'nháº¡c ná»n  - ğšƒğš‘Ã¹ğš¢ ğ™ºğš’á»ğš', 'link': '/music/nháº¡c-ná»n-ğšƒğš‘Ã¹ğš¢-ğ™ºğš’á»ğš-7519864134256249616'}","{'likes': 160100.0, 'comments': 824, 'shares': 2654}",https://www.tiktok.com/@kimanhne_36/video/7525671270936022290,6d ago
"{'username': 'phuongmychiofficial', 'nickname': 'PhÆ°Æ¡ng Má»¹ Chi'}",Suá»µttt! Tá»‘i nay! Tá»¥i mÃ¬nh! Háº¹ háº¹ háº¹,"['#phuongmychi', '#SingAsia']","{'title': 'nháº¡c ná»n  - PhÆ°Æ¡ng Má»¹ Chi', 'link': '/music/nháº¡c-ná»n-PhÆ°Æ¡ng-Má»¹-Chi-7525669742779697921'}","{'likes': 391600.0, 'comments': 3463, 'shares': 6691}",https://www.tiktok.com/@phuongmychiofficial/video/7525669692564983061,6d ago
"{'username': 'kimanhne_36', 'nickname': 'ğŠğšğ§ğ¡ ğƒğšÌ‚ğ®ğ® ğŸ“'}",3 á»™p paaa =))),"['@ğ“šğ“²ğ“¶ ğ“ğ“·ğ“± ğŸ‡»ğŸ‡³', '@SÃ¢u Háº¿t Content ğŸ›', '@Báº¹p báº¹p', '#kanhdau', '#xuhuong']","{'title': 'nháº¡c ná»n - maryy  ğ–¤ - ğ’ğ¡ğğ«ğ²ğ² âœ®', 'link': '/music/nháº¡c-ná»n-maryy-ğ–¤-7486051269593942800'}","{'likes': 189600.0, 'comments': 891, 'shares': 4313}",https://www.tiktok.com/@kimanhne_36/video/7524219645830712583,7-7
"{'username': 'louispham_203', 'nickname': 'Louispnp203'}","M cÃ³ nÃªn vÃ o tuyá»ƒn QG dancesport láº¡i tiáº¿p tá»¥c cá»‘ng hiáº¿n cho Äáº¥t NÆ°á»›c k mng nhá»‰ğŸ¥° Tháº§y tui muá»‘n Ä‘Æ°a tui Ä‘i thi Ä‘áº¥u vÃ¬ tháº§y báº£o, tui mÃ  k Ä‘i thÃ¬ phÃ­ quÃ¡ máº·c dÃ¹ bh lÃ  22t rÃ¹i hÆ¡i muá»™n. NhÆ°ng biáº¿t Ä‘Ã¢u khi táº­p tháº§y khai phÃ¡ Ä‘Æ°á»£c tui thÃ¬ sáº½ chinh chiáº¿n trÃªn cÃ¡c Ä‘áº¥u trÆ°á»ng quá»‘c táº¿ thÃ¬ sao nhá»‰â˜ºï¸â˜ºï¸",['#louispham203'],"{'title': 'nháº¡c ná»n  - Louispnp203', 'link': '/music/nháº¡c-ná»n-Louispnp203-7524685148839791376'}","{'likes': 225800.0, 'comments': 702, 'shares': 4431}",https://www.tiktok.com/@louispham_203/video/7524685127276858631,7-8
"{'username': 'lehoa1297', 'nickname': 'lehoa01021997'}",Khi cÃ³ ngÆ°á»i máº¹ cÃ²n thÃ­ch nháº£y hÆ¡n con,"['#xuhuong', '#svm']","{'title': 'original sound - Htet Wai Yanâ˜ï¸', 'link': '/music/original-sound-7505979878391417616'}","{'likes': 57100.0, 'comments': 1188, 'shares': 1648}",https://www.tiktok.com/@lehoa1297/video/7526404772065332487,4d ago
"{'username': '_hamykk', 'nickname': '_trapgirl giáº£i nghá»‡'}",2 ngÃ y ná»¯a Ä‘Ã¡nh giáº£i:,[],"{'title': 'nháº¡c ná»n  - Bin Yet quÃ£i Ä‘áº¡n ğŸ“¸', 'link': '/music/nháº¡c-ná»n-Bin-Yet-quÃ£i-Ä‘áº¡n-ğŸ“¸-7518000305552804625'}","{'likes': 150000.0, 'comments': 708, 'shares': 5258}",https://www.tiktok.com/@_hamykk/video/7525791049030110484,5d ago
"{'username': 'tippitivi', 'nickname': 'Tippi TV'}",Ta Ta Ta sahur - Tippi Tv,['#tippitv'],"{'title': 'nháº¡c ná»n  - Tippi TV', 'link': '/music/nháº¡c-ná»n-Tippi-TV-7525409104895003409'}","{'likes': 29200.0, 'comments': 924, 'shares': 2312}",https://www.tiktok.com/@tippitivi/video/7525409031616335112,6d ago
"{'username': '_halinhtran_', 'nickname': 'Tráº§n HÃ  Linh ğŸ°'}",muá»‘n Ä‘Æ°á»£c top 1 trend,[],"{'title': 'nháº¡c ná»n  - ğŸ”®Tiá»ƒu VyyğŸ”®', 'link': '/music/nháº¡c-ná»n-ğŸ”®Tiá»ƒu-VyyğŸ”®-7513934317828016913'}","{'likes': 544000.0, 'comments': 3294, 'shares': 29300.0}",https://www.tiktok.com/@_halinhtran_/video/7522839109811932423,7-3
"{'username': 'kimanhne_36', 'nickname': 'ğŠğšğ§ğ¡ ğƒğšÌ‚ğ®ğ® ğŸ“'}",Láº¡i chung má»™t khung hÃ¬nh ná»¯a rÃ¹i ğŸ¤­,"['@ğ“šğ“²ğ“¶ ğ“ğ“·ğ“± ğŸ‡»ğŸ‡³', '@Tráº§n Nháº­t TÃ¢n', '#xuhuong', '#kanhdau']","{'title': 'nháº¡c ná»n  - ğšƒğš‘Ã¹ğš¢ ğ™ºğš’á»ğš', 'link': '/music/nháº¡c-ná»n-ğšƒğš‘Ã¹ğš¢-ğ™ºğš’á»ğš-7519864134256249616'}","{'likes': 160100.0, 'comments': 824, 'shares': 2654}",https://www.tiktok.com/@kimanhne_36/video/7525671270936022290,6d ago
"{'username': 'hoa.batdongsan', 'nickname': 'HOA PHAN 2 ğŸ‘…'}",,"['#xyzbca', '@Tráº§n Quang Äá»©c']","{'title': 'nháº¡c ná»n  - Vitamin_girl', 'link': '/music/nháº¡c-ná»n-Vitamingirl-7392606434543913745'}","{'likes': 81200.0, 'comments': 1119, 'shares': 2647}",https://www.tiktok.com/@hoa.batdongsan/video/7525819331071020295,5d ago
"{'username': 'kimanhne_36', 'nickname': 'ğŠğšğ§ğ¡ ğƒğšÌ‚ğ®ğ® ğŸ“'}",3 á»™p paaa =))),"['@ğ“šğ“²ğ“¶ ğ“ğ“·ğ“± ğŸ‡»ğŸ‡³', '@SÃ¢u Háº¿t Content ğŸ›', '@Báº¹p báº¹p', '#kanhdau', '#xuhuong']","{'title': 'nháº¡c ná»n - maryy  ğ–¤ - ğ’ğ¡ğğ«ğ²ğ² âœ®', 'link': '/music/nháº¡c-ná»n-maryy-ğ–¤-7486051269593942800'}","{'likes': 189600.0, 'comments': 891, 'shares': 4313}",https://www.tiktok.com/@kimanhne_36/video/7524219645830712583,7-7
"{'username': 'louispham_203', 'nickname': 'Louispnp203'}","M cÃ³ nÃªn vÃ o tuyá»ƒn QG dancesport láº¡i tiáº¿p tá»¥c cá»‘ng hiáº¿n cho Äáº¥t NÆ°á»›c k mng nhá»‰ğŸ¥° Tháº§y tui muá»‘n Ä‘Æ°a tui Ä‘i thi Ä‘áº¥u vÃ¬ tháº§y báº£o, tui mÃ  k Ä‘i thÃ¬ phÃ­ quÃ¡ máº·c dÃ¹ bh lÃ  22t rÃ¹i hÆ¡i muá»™n. NhÆ°ng biáº¿t Ä‘Ã¢u khi táº­p tháº§y khai phÃ¡ Ä‘Æ°á»£c tui thÃ¬ sáº½ chinh chiáº¿n trÃªn cÃ¡c Ä‘áº¥u trÆ°á»ng quá»‘c táº¿ thÃ¬ sao nhá»‰â˜ºï¸â˜ºï¸",['#louispham203'],"{'title': 'nháº¡c ná»n  - Louispnp203', 'link': '/music/nháº¡c-ná»n-Louispnp203-7524685148839791376'}","{'likes': 225800.0, 'comments': 702, 'shares': 4431}",https://www.tiktok.com/@louispham_203/video/7524685127276858631,7-8
"{'username': 'lehoa1297', 'nickname': 'lehoa01021997'}",Khi cÃ³ ngÆ°á»i máº¹ cÃ²n thÃ­ch nháº£y hÆ¡n con,"['#xuhuong', '#svm']","{'title': 'original sound - Htet Wai Yanâ˜ï¸', 'link': '/music/original-sound-7505979878391417616'}","{'likes': 57100.0, 'comments': 1188, 'shares': 1649}",https://www.tiktok.com/@lehoa1297/video/7526404772065332487,4d ago
"{'username': '_hamykk', 'nickname': '_trapgirl giáº£i nghá»‡'}",2 ngÃ y ná»¯a Ä‘Ã¡nh giáº£i:,[],"{'title': 'nháº¡c ná»n  - Bin Yet quÃ£i Ä‘áº¡n ğŸ“¸', 'link': '/music/nháº¡c-ná»n-Bin-Yet-quÃ£i-Ä‘áº¡n-ğŸ“¸-7518000305552804625'}","{'likes': 150000.0, 'comments': 708, 'shares': 5258}",https://www.tiktok.com/@_hamykk/video/7525791049030110484,5d ago
"{'username': 'tippitivi', 'nickname': 'Tippi TV'}",Ta Ta Ta sahur - Tippi Tv,['#tippitv'],"{'title': 'nháº¡c ná»n  - Tippi TV', 'link': '/music/nháº¡c-ná»n-Tippi-TV-7525409104895003409'}","{'likes': 29200.0, 'comments': 924, 'shares': 2312}",https://www.tiktok.com/@tippitivi/video/7525409031616335112,6d ago
"{'username': '_halinhtran_', 'nickname': 'Tráº§n HÃ  Linh ğŸ°'}",muá»‘n Ä‘Æ°á»£c top 1 trend,[],"{'title': 'nháº¡c ná»n  - ğŸ”®Tiá»ƒu VyyğŸ”®', 'link': '/music/nháº¡c-ná»n-ğŸ”®Tiá»ƒu-VyyğŸ”®-7513934317828016913'}","{'likes': 544000.0, 'comments': 3294, 'shares': 29300.0}",https://www.tiktok.com/@_halinhtran_/video/7522839109811932423,7-3
"{'username': 'kimanhne_36', 'nickname': 'ğŠğšğ§ğ¡ ğƒğšÌ‚ğ®ğ® ğŸ“'}",Láº¡i chung má»™t khung hÃ¬nh ná»¯a rÃ¹i ğŸ¤­,"['@ğ“šğ“²ğ“¶ ğ“ğ“·ğ“± ğŸ‡»ğŸ‡³', '@Tráº§n Nháº­t TÃ¢n', '#xuhuong', '#kanhdau']","{'title': 'nháº¡c ná»n  - ğšƒğš‘Ã¹ğš¢ ğ™ºğš’á»ğš', 'link': '/music/nháº¡c-ná»n-ğšƒğš‘Ã¹ğš¢-ğ™ºğš’á»ğš-7519864134256249616'}","{'likes': 160100.0, 'comments': 824, 'shares': 2654}",https://www.tiktok.com/@kimanhne_36/video/7525671270936022290,6d ago
"{'username': 'hoa.batdongsan', 'nickname': 'HOA PHAN 2 ğŸ‘…'}",,"['#xyzbca', '@Tráº§n Quang Äá»©c']","{'title': 'nháº¡c ná»n  - Vitamin_girl', 'link': '/music/nháº¡c-ná»n-Vitamingirl-7392606434543913745'}","{'likes': 81200.0, 'comments': 1119, 'shares': 2647}",https://www.tiktok.com/@hoa.batdongsan/video/7525819331071020295,5d ago
"{'username': 'diu.anh7249', 'nickname': 'diá»‡u anh'}",,"['@XuÃ¢n Hoa', '#bungmamdamcuoi']","{'title': 'nháº¡c ná»n - ğ‡ğ¨ğšÌ€ğ§ğ  ğ”Ìğ­ ğŒğ®ğ¬ğ¢ğœ âœˆ - ğ‡ğ¨Ã ğ§ğ  Ãºğ­ ğŒğ®ğ¬ğ¢ğœ âœˆ', 'link': '/music/nháº¡c-ná»n-ğ‡ğ¨ğšÌ€ğ§ğ -ğ”Ìğ­-ğŒğ®ğ¬ğ¢ğœ-âœˆ-7256982571255286534'}","{'likes': 173400.0, 'comments': 7155, 'shares': 30200.0}",https://www.tiktok.com/@diu.anh7249/video/7525086310109875464,1w ago
