@user4531363693334,bÃ© kiá»ƒu: Ã´ng trá»i sáº­p rá»“i,1036.0,https://www.tiktok.com/@cocnews8/video/7525732374013889800,NEG
@nhancuong004,"full Ä‘á» , cháº¯c aim rrrrğŸ—¿",0.0,https://www.tiktok.com/@cocnews8/video/7525732374013889800,POS
@_zu_1452,vá» ká»ƒ Ä‘ang Ä‘á»©ng chs bá»‹ bÃ³ng Ä‘Ã¨n ko ai tin?,0.0,https://www.tiktok.com/@cocnews8/video/7525732374013889800,NEU
@wzyen01,xin Ä‘á»™ nháº¡y,0.0,https://www.tiktok.com/@cocnews8/video/7525732374013889800,NEU
@...vandien,má»›i ngÃ£ chÆ°a ká»‹p Ä‘á»©ng dáº­y ná»¯a,0.0,https://www.tiktok.com/@cocnews8/video/7525732374013889800,NEU
@hotyy77,tao cáº§n tÃ¬m shop bÃ¡n mÃ³n nÃ y trÃªn shopee :)) tháº±ng shiper tá»›i cÃ´ng chuyá»‡n vá»›i taoğŸ¤£,152.0,https://www.tiktok.com/@cocnews8/video/7525732374013889800,POS
@f_m_i_l_y_7_d,Cho xin Ä‘á»™ nháº¡y ğŸ˜‚ğŸ˜‚ğŸ˜‚,0.0,https://www.tiktok.com/@cocnews8/video/7525732374013889800,POS
@user7848567062492,quáº£ cáº§u liliana Ä‘Ã¨ ayağŸ˜‚,6.0,https://www.tiktok.com/@cocnews8/video/7525732374013889800,POS
@nhanvan1996,ChÆ°a ká»‹p loadğŸ˜,0.0,https://www.tiktok.com/@cocnews8/video/7525732374013889800,POS
@iw_qhci,khá»›p vaix,0.0,https://www.tiktok.com/@cocnews8/video/7525732374013889800,POS
@chuyencuagio11,vá» nhÃ  ká»ƒ ko ai tinğŸ˜‚,0.0,https://www.tiktok.com/@cocnews8/video/7525732374013889800,POS
@linhngoc130890,Nhá»› há»“i nhá» Ä‘á»©ng ngoÃ i hÃ ng rÃ o xem máº¥y anh Ä‘Ã¡ bÃ³ng Bá»—ng dÆ°ng bÃ³ng bay ra ngoÃ i trÃºng vÃ o Ä‘áº§u mÃ¬nh quÃª quÃ¡ Ä‘i vá» luÃ´n,10.0,https://www.tiktok.com/@cocnews8/video/7525732374013889800,NEU
@tieuha1811,Váº­y Ä‘Ã³ t nÃ³i trÃªn Ä‘á»i nÃ y cÃ³ bÃ³ng Ä‘Ã¨ mÃ  Ä‘Ã¢u cÃ³ ai tin ğŸ˜Œ,0.0,https://www.tiktok.com/@cocnews8/video/7525732374013889800,NEG
@emthuongcotien,xin Ä‘á»™ nháº¡y ğŸ¤£ğŸ¤£,0.0,https://www.tiktok.com/@cocnews8/video/7525732374013889800,POS
@t.zy27,bÃ© nÃ³ kiá»ƒu cÃ¡i gÃ¬ váº­y trá»i,0.0,https://www.tiktok.com/@cocnews8/video/7525732374013889800,NEG
@nghiavodanh0,lá»‘i báº¯n hoa mÄ© Ã ,0.0,https://www.tiktok.com/@cocnews8/video/7525732374013889800,NEG
@hng_qnuaggg,libero,1.0,https://www.tiktok.com/@cocnews8/video/7525732374013889800,POS
@botngotomanhi,nÃ³ chÆ°a tá»«ng há»i t lÃ  cÃ³ muá»‘n hay kk,1.0,https://www.tiktok.com/@cocnews8/video/7525732374013889800,POS
@cubin222_,tá»« nay cháº¯c ko chs chuyá»n nx ğŸ¤£,0.0,https://www.tiktok.com/@cocnews8/video/7525732374013889800,POS
@o.mai.chui1,cháº¯c do tÃ¢m t Ã¡c ğŸ¥°,1.0,https://www.tiktok.com/@cocnews8/video/7525732374013889800,POS
@ragdemot,Sorry I doubted you king ğŸ‘‘,13500.0,https://www.tiktok.com/@merwaiz_khan_4/video/7526990207514692880,NEG
@alnecoqb7h4,does he win cooking oil?,1008.0,https://www.tiktok.com/@merwaiz_khan_4/video/7526990207514692880,NEU
@manualdo_rodrigo,that slap in the ear,6485.0,https://www.tiktok.com/@merwaiz_khan_4/video/7526990207514692880,NEU
@0boy92,Rip ğŸ‘‚ ğŸ˜‚,463.0,https://www.tiktok.com/@merwaiz_khan_4/video/7526990207514692880,POS
@ncd1995,kiá»ƒu báº¯n nÃ y hÆ¡i tá»‘n tai ğŸ˜‚,407.0,https://www.tiktok.com/@merwaiz_khan_4/video/7526990207514692880,POS
@kazdff,Maybe the Wii sports archery wasnâ€™t exaggerating ğŸ˜­ğŸ™,98.0,https://www.tiktok.com/@merwaiz_khan_4/video/7526990207514692880,NEG
@i55kht05f53eymxdtu0j,why are they using toilet plunger for arrow,175.0,https://www.tiktok.com/@merwaiz_khan_4/video/7526990207514692880,NEU
@father.dinny,People will hate but thatâ€™s very impressive,207.0,https://www.tiktok.com/@merwaiz_khan_4/video/7526990207514692880,NEU
@user4400344457144,in which country,3.0,https://www.tiktok.com/@merwaiz_khan_4/video/7526990207514692880,NEU
@kassime93,Pleins de maniÃ¨re mais bon tireur ğŸ¤,62.0,https://www.tiktok.com/@merwaiz_khan_4/video/7526990207514692880,POS
@user2956318856454,cháº¯c k Ä‘au tai Ä‘Ã¢u,26.0,https://www.tiktok.com/@merwaiz_khan_4/video/7526990207514692880,NEU
@tailfeather6,The halal games,718.0,https://www.tiktok.com/@merwaiz_khan_4/video/7526990207514692880,POS
@zyna571,Traditional archery game in Pakistan.. Very old..,74.0,https://www.tiktok.com/@merwaiz_khan_4/video/7526990207514692880,NEG
@mogunba,Actually impressive,22.0,https://www.tiktok.com/@merwaiz_khan_4/video/7526990207514692880,NEU
@hphuc283,Xin Ä‘á»™ nháº¡y,14.0,https://www.tiktok.com/@merwaiz_khan_4/video/7526990207514692880,NEU
@rachidofski99,no one mentioned the rope that shaves his ear,30.0,https://www.tiktok.com/@merwaiz_khan_4/video/7526990207514692880,NEU
@michaeltulley610,the father of 7000 children,10.0,https://www.tiktok.com/@merwaiz_khan_4/video/7526990207514692880,NEU
@lkk778855,è€³æœµä¸ç—›ï¼ŸğŸ˜³,48.0,https://www.tiktok.com/@merwaiz_khan_4/video/7526990207514692880,POS
@cedran1,Trop facile,6.0,https://www.tiktok.com/@merwaiz_khan_4/video/7526990207514692880,NEU
@matt.c.2,Imma tell my kids this was Hawkeye,22.0,https://www.tiktok.com/@merwaiz_khan_4/video/7526990207514692880,NEG
@kenaaxz34,Con gÃ¡i hay hÃ¢m má»™ máº¥y cáº§u thá»§ ná»¯ mÃ ,2586.0,https://www.tiktok.com/@ndgk207/video/7528611236813049106,NEG
@thanh.minh010,Khi cáº§u hÃ´n nhÆ°ng há»‡ tÆ° tÆ°á»Ÿng ronaldoâ¤ï¸â€ğŸ”¥,0.0,https://www.tiktok.com/@ndgk207/video/7528611236813049106,POS
@ngnam290113,Ãª t máº¥t 99+ rá»“i ai lÃ m phiá»n t Ä‘i,59.0,https://www.tiktok.com/@ndgk207/video/7528611236813049106,NEG
@fanmessi2k128,Chá»‹ 10 giÃ³ ğŸ˜‚,17.0,https://www.tiktok.com/@ndgk207/video/7528611236813049106,POS
@trantoan2652,ğ—›ğ—®ğ—¹ğ—® ğ— ğ—®ğ—±ğ—¿ğ—¶ğ—± ğ—›ğ—®ğ—¹ğ—® ğ— ğ—®ğ—±ğ—¿ğ—¶ğ—± ğ—›ğ—®ğ—¹ğ—® ğ— ğ—®ğ—±ğ—¿ğ—¶ğ—± ğ—›ğ—®ğ—¹ğ—® ğ— ğ—®ğ—±ğ—¿ğ—¶ğ—± ğ—›ğ—®ğ—¹ğ—® ğ— ğ—®ğ—±ğ—¿ğ—¶ğ—± ğ—›ğ—®ğ—¹ğ—® ğ— ğ—®ğ—±ğ—¿ğ—¶ğ—± ğ—›ğ—®ğ—¹ğ—® ğ— ğ—®ğ—±ğ—¿ğ—¶ğ—± ğ—›ğ—®ğ—¹ğ—® ğ— ğ—®ğ—±ğ—¿ğ—¶ğ—± ğ—›ğ—®ğ—¹ğ—® ğ— ğ—®ğ—±ğ—¿ğ—¶ğ—± ğ—›ğ—®ğ—¹ğ—® ğ— ğ—®ğ—±ğ—¿ğ—¶ğ—± ğ—›ğ—®ğ—¹ğ—® ğ— ğ—®ğ—±ğ—¿ğ—¶ğ—± ğ—›ğ—®ğ—¹ğ—® ğ— ğ—®ğ—±ğ—¿ğ—¶ğ—± ğ—›ğ—®ğ—¹ğ—® ğ— ğ—®ğ—±ğ—¿ğ—¶ğ—± ğ—›ğ—®ğ—¹ğ—® ğ— ğ—®ğ—±ğ—¿ğ—¶ğ—± ğ—›ğ—®ğ—¹ğ—® ğ— ğ—®ğ—±ğ—¿ğ—¶ğ—± ğ—›ğ—®ğ—¹ğ—® ğ— ğ—®ğ—±ğ—¿ğ—¶ğ—± ğ—›ğ—®ğ—¹ğ—® ğ— ğ—®ğ—±ğ—¿ğ—¶ğ—± ğ—›ğ—®ğ—¹ğ—® ğ— ğ—®ğ—±ğ—¿ğ—¶ğ—± ğ—›ğ—®ğ—¹ğ—® ğ— ğ—®ğ—±ğ—¿ğ—¶ğ—± ğ—›ğ—®ğ—¹ğ—® ğ— ğ—®ğ—±ğ—¿ğ—¶ğ—± ğ—›ğ—®ğ—¹ğ—® ğ— ğ—®ğ—±ğ—¿ğ—¶ğ—± ğ—›ğ—®ğ—¹ğ—® ğ— ğ—®ğ—±ğ—¿ğ—¶ğ—± ğ—›ğ—®ğ—¹ğ—® ğ— ğ—®ğ—±ğ—¿ğ—¶ğ—± ğ—›ğ—®ğ—¹ğ—® ğ— ğ—®ğ—±ğ—¿ğ—¶ğ—± ğ—›ğ—®ğ—¹ğ—® ğ— ğ—®ğ—±ğ—¿ğ—¶ğ—± ğ—›ğ—®ğ—¹ğ—® ğ— ğ—®ğ—±ğ—¿ğ—¶ğ—± ğ—›ğ—®ğ—¹ğ—® ğ— ğ—®ğ—±ğ—¿ğ—¶ğ—± ğ—›ğ—®ğ—¹ğ—® ğ— ğ—®ğ—±ğ—¿ğ—¶ğ—± ğ—›ğ—®ğ—¹ğ—® ğ— ğ—®ğ—±ğ—¿ğ—¶ğ—± ğ—›ğ—®ğ—¹ğ—® ğ— ğ—®ğ—±ğ—¿ğ—¶ğ—± ğ—›ğ—®ğ—¹ğ—® ğ— ğ—®ğ—±ğ—¿ğ—¶ğ—± ğ—›ğ—®ğ—¹ğ—® ğ— ğ—®ğ—±ğ—¿ğ—¶ğ—± ğ—›ğ—®ğ—¹ğ—® ğ— ğ—®ğ—±ğ—¿ğ—¶ğ—± ğ—›ğ—®ğ—¹ğ—® ğ— ğ—®ğ—±ğ—¿ğ—¶ğ—± ğ—›ğ—®ğ—¹ğ—® ğ— ğ—®ğ—±ğ—¿ğ—¶ğ—± ğ—›ğ—®ğ—¹ğ—® ğ— ğ—®ğ—±ğ—¿ğ—¶ğ—± ğ—›ğ—®ğ—¹ğ—® ğ— ğ—®ğ—±ğ—¿ğ—¶ğ—± ğ—›ğ—®ğ—¹ğ—® ğ— ğ—®ğ—±ğ—¿ğ—¶ğ—± ğ—›ğ—®ğ—¹ğ—® ğ— ğ—®ğ—±ğ—¿ğ—¶ğ—± ğ—›ğ—®ğ—¹ğ—® ğ— ğ—®ğ—±ğ—¿ğ—¶ğ—± ğ—›ğ—®ğ—¹ğ—® ğ— ğ—®ğ—±ğ—¿ğ—¶ğ—± ğ—›ğ—®ğ—¹ğ—® ğ— ğ—®ğ—±ğ—¿ğ—¶ğ—± ğ—›ğ—®ğ—¹ğ—® ğ— ğ—®ğ—±ğ—¿ğ—¶ğ—± ğ—›ğ—®ğ—¹ğ—® ğ— ğ—®ğ—±ğ—¿ğ—¶ğ—± ğ—›ğ—®ğ—¹ğ—® ğ— ğ—®ğ—±ğ—¿ğ—¶ğ—± ğ—›ğ—®ğ—¹ğ—® ğ— ğ—®ğ—±ğ—¿ğ—¶ğ—± ğ—›ğ—®ğ—¹ğ—® ğ— ğ—®ğ—±ğ—¿ğ—¶ğ—± ğ—›ğ—®ğ—¹ğ—® ğ— ğ—®ğ—±ğ—¿ğ—¶ğ—± ğ—›ğ—®ğ—¹ğ—® ğ— ğ—®ğ—±ğ—¿ğ—¶ğ—± ğ—›ğ—®ğ—¹ğ—® ğ— ğ—®ğ—±ğ—¿ğ—¶ğ—± ğ—›ğ—®ğ—¹ğ—® ğ— ğ—®ğ—±ğ—¿ğ—¶ğ—± ğ—›ğ—®ğ—¹ğ—® ğ— ğ—®ğ—±ğ—¿ğ—¶ğ—± ğ—›ğ—®ğ—¹ğ—® ğ— ğ—®ğ—±ğ—¿ğ—¶ğ—± ğ—›ğ—®ğ—¹ğ—® ğ— ğ—®ğ—±ğ—¿ğ—¶ğ—± ğ—›ğ—®ğ—¹ğ—® ğ— ğ—®ğ—±ğ—¿ğ—¶ğ—± ğ—›ğ—®ğ—¹ğ—® ğ— ğ—®ğ—±ğ—¿ğ—¶ğ—± ğ—›ğ—®ğ—¹ğ—® ğ— ğ—®ğ—±ğ—¿ğ—¶ğ—± ğ—›ğ—®ğ—¹ğ—® ğ— ğ—®ğ—±ğ—¿ğ—¶ğ—± ğ—›ğ—®ğ—¹ğ—® ğ— ğ—®ğ—±ğ—¿ğ—¶ğ—± ğ—›ğ—®ğ—¹ğ—® ğ— ğ—®ğ—±ğ—¿ğ—¶ğ—± ğ—›ğ—®ğ—¹ğ—® ğ— ğ—®ğ—±ğ—¿ğ—¶ğ—± ğ—›ğ—®ğ—¹ğ—® ğ— ğ—®ğ—±ğ—¿ğ—¶ğ—± ğ—›ğ—®ğ—¹ğ—® ğ— ğ—®ğ—±ğ—¿ğ—¶ğ—± ğ—›ğ—®ğ—¹ğ—® ğ— ğ—®ğ—±ğ—¿ğ—¶ğ—± ğ—›ğ—®ğ—¹ğ—® ğ— ğ—®ğ—±ğ—¿ğ—¶ğ—± ğ—›ğ—®ğ—¹ğ—® ğ— ğ—®ğ—±ğ—¿ğ—¶ğ—± ğ—›ğ—®ğ—¹ğ—® ğ— ğ—®ğ—±ğ—¿ğ—¶ğ—± ğ—›ğ—®ğ—¹ğ—® ğ— ğ—®ğ—±ğ—¿ğ—¶ğ—± ğ—›ğ—®ğ—¹ğ—® ğ— ğ—®ğ—±ğ—¿ğ—¶ğ—± ğ—›ğ—®ğ—¹ğ—® ğ— ğ—®ğ—±ğ—¿ğ—¶ğ—± ğ—›ğ—®ğ—¹ğ—® ğ— ğ—®ğ—±ğ—¿ğ—¶ğ—± ğ—›ğ—®ğ—¹ğ—® ğ— ğ—®ğ—±ğ—¿ğ—¶ğ—± ğ—›ğ—®ğ—¹ğ—® ğ— ğ—®ğ—±ğ—¿ğ—¶ğ—± ğ—›ğ—®ğ—¹ğ—® ğ— ğ—®ğ—±ğ—¿ğ—¶ğ—± ğ—›ğ—®ğ—¹ğ—® ğ— ğ—®ğ—±ğ—¿ğ—¶ğ—± ğ—›ğ—®ğ—¹ğ—® ğ— ğ—®ğ—±ğ—¿ğ—¶ğ—± ğ—›ğ—®ğ—¹ğ—® ğ— ğ—®ğ—±ğ—¿ğ—¶ğ—± ğ—›ğ—®ğ—¹ğ—® ğ— ğ—®ğ—±ğ—¿ğ—¶ğ—± ğ—›ğ—®ğ—¹ğ—® ğ— ğ—®ğ—±ğ—¿ğ—¶ğ—± ğ—›ğ—®ğ—¹ğ—® ğ— ğ—®ğ—±ğ—¿ğ—¶ğ—± ğ—›ğ—®ğ—¹ğ—® ğ— ğ—®ğ—±ğ—¿ğ—¶ğ—± ğ—›ğ—®ğ—¹ğ—® ğ— ğ—®ğ—±ğ—¿ğ—¶ğ—± ğ—›ğ—®ğ—¹ğ—® ğ— ğ—®ğ—±ğ—¿ğ—¶ğ—± ğ—›ğ—®ğ—¹ğ—® ğ— ğ—®ğ—±ğ—¿ğ—¶ğ—± ğ—›ğ—®ğ—¹ğ—® ğ— ğ—®ğ—±ğ—¿ğ—¶ğ—± ğ—›ğ—®ğ—¹ğ—® ğ— ğ—®ğ—±ğ—¿ğ—¶ğ—± ğ—›ğ—®ğ—¹ğ—® ğ— ğ—®ğ—±ğ—¿ğ—¶ğ—± ğ—›ğ—®ğ—¹ğ—® ğ— ğ—®ğ—±ğ—¿ğ—¶ğ—± ğ—›ğ—®ğ—¹ğ—® ğ— ğ—®ğ—±ğ—¿ğ—¶ğ—± ğ—›ğ—®ğ—¹ğ—® ğ— ğ—®ğ—±ğ—¿ğ—¶ğ—± ğ—›ğ—®ğ—¹ğ—® ğ— ğ—®ğ—±ğ—¿ğ—¶ğ—± ğ—›ğ—®ğ—¹ğ—® ğ— ğ—®ğ—±ğ—¿ğ—¶ğ—± ğ—›ğ—®ğ—¹ğ—® ğ— ğ—®ğ—±ğ—¿ğ—¶ğ—± ğ—›ğ—®ğ—¹ğ—® ğ— ğ—®ğ—±ğ—¿ğ—¶ğ—± ğ—›ğ—®ğ—¹ğ—® ğ— ğ—®ğ—±ğ—¿ğ—¶ğ—± ğ—›ğ—®ğ—¹ğ—® ğ— ğ—®ğ—±ğ—¿ğ—¶ğ—± ğ—›ğ—®ğ—¹ğ—® ğ— ğ—®ğ—±ğ—¿ğ—¶ğ—± ğ—›ğ—®ğ—¹ğ—® ğ— ğ—®ğ—±ğ—¿ğ—¶ğ—± ğ—›ğ—®ğ—¹ğ—® ğ— ğ—®,4.0,https://www.tiktok.com/@ndgk207/video/7528611236813049106,POS
@ngminhkhoi090209,gá»i messi lÃ  9h53 vÃ¬ 10h kÃ©m 7,37.0,https://www.tiktok.com/@ndgk207/video/7528611236813049106,NEG
@maibatam,Má»—i ngÆ°á»i má»—i tháº§n tÆ°á»£ng nÃªn tháº§n tÆ°á»£ng tÃ´i lÃ  ronaldo,382.0,https://www.tiktok.com/@ndgk207/video/7528611236813049106,POS
@chillguy24th1,7 chá» content kinh,18.0,https://www.tiktok.com/@ndgk207/video/7528611236813049106,POS
@nhi211120151,Messi mÃ£i mÃ£i dinh,41.0,https://www.tiktok.com/@ndgk207/video/7528611236813049106,POS
@muadi666,Ronaldo world cup cá»§a a Ä‘Ã¢uğŸ¤£ğŸ¤£,154.0,https://www.tiktok.com/@ndgk207/video/7528611236813049106,POS
@midorilostyou,Og nÃ y dáº¡y edit k og,0.0,https://www.tiktok.com/@ndgk207/video/7528611236813049106,POS
@lyhoa791,Ä‘Ã³ lÃ  ronaldo quá»³ gá»‘i trÆ°á»›c máº·t messi,109.0,https://www.tiktok.com/@ndgk207/video/7528611236813049106,POS
@koanh9999,cr7 mÃ£i iu,132.0,https://www.tiktok.com/@ndgk207/video/7528611236813049106,POS
@clfyhxgtuananh,kid : ah 7 mÃ£i Ä‘á»‰nh pessi ko cs tuá»•i,3.0,https://www.tiktok.com/@ndgk207/video/7528611236813049106,POS
@nhon0412,Messi Ä‘Ã¢u háº¿t rá»“iğŸ¥°,6.0,https://www.tiktok.com/@ndgk207/video/7528611236813049106,POS
@tng.tr.quang,2 ngÃ´i sao ná»•i tiáº¿ng hoÃ  Ä‘á»“ng vá»›i nhau mÃ  tá»¥i fan báº¥t tÃ i ngá»“i Ä‘áº¥u tranh =)),51.0,https://www.tiktok.com/@ndgk207/video/7528611236813049106,POS
@n_t_lamm,Penaldo lol,143.0,https://www.tiktok.com/@ndgk207/video/7528611236813049106,NEG
@buiqminh6,lÃ½ quá»³ Ä‘Ã£ giáº£i,28.0,https://www.tiktok.com/@dcmmnguoiyeu/video/7529979115663805712,POS
@_thienbao26.7_,lÃ½ quá»³ lÃ m dc r kÃ¬a,4.0,https://www.tiktok.com/@dcmmnguoiyeu/video/7529979115663805712,POS
@nguyenanhquan061,LÃ½ quá»³ ğŸ˜‚,2.0,https://www.tiktok.com/@dcmmnguoiyeu/video/7529979115663805712,POS
@tuanhungorganrere,interbanking cho lÃ½ quá»³ chÆ°a ğŸ˜‚ğŸ˜‚ğŸ˜‚ğŸ˜‚,25.0,https://www.tiktok.com/@dcmmnguoiyeu/video/7529979115663805712,POS
@q.anhhh23,lÃ½ quá»³ lÃ m Ä‘Æ°á»£c mÃ  khÃ´ng tráº£ kÃ¨o Ã  hÃ¨n tháº¿ =)),3.0,https://www.tiktok.com/@dcmmnguoiyeu/video/7529979115663805712,NEG
@ht.kim.ngn4,háº¡nh phÃºc hÆ¡i xa,0.0,https://www.tiktok.com/@dcmmnguoiyeu/video/7529979115663805712,POS
@tuxinloi1106,KhÃ³ Ã¡c,0.0,https://www.tiktok.com/@dcmmnguoiyeu/video/7529979115663805712,NEG
@nguyentz229,100 Äƒn 1 Ä‘c ae ğŸ¤£,0.0,https://www.tiktok.com/@dcmmnguoiyeu/video/7529979115663805712,POS
@hieubmt15,BÄƒng ngáº¯n Ä‘c hong a :)),0.0,https://www.tiktok.com/@dcmmnguoiyeu/video/7529979115663805712,POS
@uongpepsicuoihihi,dc cÃ³ thÆ°á»Ÿng kh a,0.0,https://www.tiktok.com/@dcmmnguoiyeu/video/7529979115663805712,POS
@ktruongggz,thuáº­n tay pháº£i Ä‘áº·t bÃªn kia Ä‘c khÃ´ng:)),0.0,https://www.tiktok.com/@dcmmnguoiyeu/video/7529979115663805712,POS
@hihihihi838686,Máº¥y uá»‘ng máº¥y ?,0.0,https://www.tiktok.com/@dcmmnguoiyeu/video/7529979115663805712,NEU
@evdangthoicom,LÃ½ thuyáº¿t thÃ´i ko dÃ¡m th,1.0,https://www.tiktok.com/@dcmmnguoiyeu/video/7529979115663805712,POS
@user1866018167325,mÃ y báº¯n dc t báº¯n dc,0.0,https://www.tiktok.com/@dcmmnguoiyeu/video/7529979115663805712,POS
@tuananhnguyen8037,"TrÃ´ Ã¡p phÃª pháº£i háº¿t ngá»n lÃ  ra 9, cháº¯c 20 Äƒn 1",1.0,https://www.tiktok.com/@dcmmnguoiyeu/video/7529979115663805712,POS
@longquang010628,kÃ¨o nÃ y khÃ³ nuá»‘t,0.0,https://www.tiktok.com/@dcmmnguoiyeu/video/7529979115663805712,NEG
@phquangbinh,3h cháº¯c á»•nğŸ˜,0.0,https://www.tiktok.com/@dcmmnguoiyeu/video/7529979115663805712,POS
@abcdxyz9618,lÃ½ quÃ½ lm dc r a oi,2.0,https://www.tiktok.com/@dcmmnguoiyeu/video/7529979115663805712,POS
@hadai_22,nÃ³i tháº­t quÃ¡ khÃ³ :))),0.0,https://www.tiktok.com/@dcmmnguoiyeu/video/7529979115663805712,POS
@blam18th11,Pique Ä‘áº£o gÃ³c lÃ  xong,1.0,https://www.tiktok.com/@dcmmnguoiyeu/video/7529979115663805712,POS
@.dream_1988,NhÃ¬n nhÆ° hoÃ ng phi há»“ng áº¥y nhá»ğŸ¥°,0.0,https://www.tiktok.com/@nhi258666/video/7528401499727187207,POS
@nguoiduatindouyin,MÃ´n PhÃ¡i NÃ o cho LÃ£o Biáº¿t Ä‘c hok,0.0,https://www.tiktok.com/@nhi258666/video/7528401499727187207,NEG
@09797_hongkong_61661,Máº¡nh máº½ Ä‘áº¿n Ä‘Ã¢uâ€¦em cÅ©ng chá»‰ lÃ  cgai thoi:)),0.0,https://www.tiktok.com/@nhi258666/video/7528401499727187207,POS
@lun.cr77,LÃ m trÃ² mÃ¨o gÃ¬ váº­y,29.0,https://www.tiktok.com/@nhi258666/video/7528401499727187207,NEG
@woohie16,quÃ¡ xuáº¥t sáº¯c chá»‹ iu tÄƒng em video Ä‘Æ°á»ng quyá»n nhÃ©. em mÃª vÃµ thuáº­t ğŸŒ¹ğŸŒ¹ğŸŒ¹ğŸŒ¹â¤ï¸â¤ï¸â¤ï¸â¤ï¸â¤ï¸â¤ï¸â¤ï¸â¤ï¸ğŸ’¯ğŸ’¯ğŸ’¯ğŸ’¯ğŸ’¯ğŸ’¯ğŸ’¯,0.0,https://www.tiktok.com/@nhi258666/video/7528401499727187207,POS
@thi.skai6,Xin tÃªn nháº¡c,0.0,https://www.tiktok.com/@nhi258666/video/7528401499727187207,POS
@trai.tuyen.quang180294,ThÃ¡i cá»±c vÃ´ song hay cÃ²n gá»i lÃ  thÃ¡i cá»±c quyá»n tÃ´i cÅ©ng biáº¿t mÃºa nhÆ°ng mÃ  mÃºa nÃ³ láº¡ láº¯mğŸ¤£ğŸ¤£ğŸ¤£,0.0,https://www.tiktok.com/@nhi258666/video/7528401499727187207,POS
@cong19915,váº«n thua nháº¥t dÆ°Æ¡ng chá»‰ ğŸ˜ğŸ˜ğŸ˜,0.0,https://www.tiktok.com/@nhi258666/video/7528401499727187207,POS
@apm2358,nhuyá»…n rá»“i nhÆ°ng mÃ  lÃ  váº­n khÃ­ gÃ¬ ?,0.0,https://www.tiktok.com/@nhi258666/video/7528401499727187207,POS
@hungduong189mtay,báº¡n mÃ´n phÃ¡i nÃ o váº­y ğŸ¤£ğŸ¤£ğŸ¤£,0.0,https://www.tiktok.com/@nhi258666/video/7528401499727187207,POS
@06.11_cuong,"GÃ¡i viá»‡t mÃ¬nh ráº¥t khÃ¡c vs pháº§n cÃ²n láº¡i cá»§a tháº¿ giá»›i. Máº¡nh máº½, kiÃªn cÆ°á»ng, báº¥t khuáº¥t, giá»i viá»‡c nÆ°á»›c, Ä‘áº£m viá»‡c nhÃ . Má»—i tá»™i hay chá»­i ck ğŸ˜‚",229.0,https://www.tiktok.com/@nhi258666/video/7528401499727187207,POS
@hng.l1364,kung fu trung quá»‘c cáº£ tháº¿ giá»›i pháº£i khiáº¿p sá»£ hoÃ ng phi há»“ng ná»•i tiáº¿ng kháº¯p tháº¿ giá»›i,0.0,https://www.tiktok.com/@nhi258666/video/7528401499727187207,POS
@07315088ktp,ThÃ¡i cá»±c quyá»n,0.0,https://www.tiktok.com/@nhi258666/video/7528401499727187207,NEG
@mi.nguyn7307,Ä‘Æ°á»ng quyá»n sáº¯t xáº£o láº¯m báº¡n Ä‘áº¹p ğŸ‘ğŸ‘ğŸ‘ğŸ‘,0.0,https://www.tiktok.com/@nhi258666/video/7528401499727187207,POS
@mientayoi999,vÃ´ áº£nh HoÃ ng phi Há»“ng quÃ¡ Ä‘á»‰nh,0.0,https://www.tiktok.com/@nhi258666/video/7528401499727187207,POS
@phamvuong65kk,Váº«n thua Ä‘Ã n Ã´ng thÃ´i kkkkğŸ¥°ğŸ¥°ğŸ¥° mÃ  mÃºa Ä‘áº¹p Ä‘Ã³ em,0.0,https://www.tiktok.com/@nhi258666/video/7528401499727187207,POS
@bolatienvidai68,CÃ¡c háº¡ dÃ¡m solo vá»›i nháº¥t dÆ°Æ¡ng chá»‰ cá»§a táº¡ háº¡ khÃ´ng ğŸ¤£,0.0,https://www.tiktok.com/@nhi258666/video/7528401499727187207,POS
@user43z6gvxtl0,HÃ¬nh áº£nh mang tÃ­nh cháº¥t minh hoáº¡ thÃ´i. Thá»±c chiáº¿n má»›i biáº¿t Ä‘Æ°á»£c.,0.0,https://www.tiktok.com/@nhi258666/video/7528401499727187207,POS
@minhhanh061979,"Há»“i tráº» mÃ  khÃ´ng bi bá»‘ cáº¥m cÃ³ láº½ cÅ©ng há»c thÃ nh cÃ´ng rá»“i, há»c Ä‘Æ°á»£c hai nÄƒm bá»‘ phÃ¡t hiá»‡n, sá»£ con gÃ¡i há»c vÃµ bá»‹ áº¿ chá»“ng .ğŸ˜‚ğŸ˜‚ğŸ˜‚",22.0,https://www.tiktok.com/@nhi258666/video/7528401499727187207,POS
@lelongho521,ThÃ¡i cá»±c quyá»n nhÆ°ng mÃ  qui lá»±c cá»§a nÃ³ cÃ²n dinh kg,0.0,https://www.tiktok.com/@nhi258666/video/7528401499727187207,NEG
@triminh1088,"Sá»‘ 14 Ä‘Ã¡ vÃ£i Ä‘áº¡n, Ã´ng nÃ o fan victor lÃª j Ä‘Ã¢u",1.0,https://www.tiktok.com/@fptplay.bongdaviet/video/7529919769198267655,NEG
@messi2k8jxgjjh,cÃ¡i giáº£i khÃ´ng ai xem lÃ  biáº¿t trÃ¬nh Ä‘á»™ cá»¡ nÃ o rá»“i tháº¯ng cáº£m lÃ m nhÆ° tháº¯ng nháº­t báº£n váº­y,66.0,https://www.tiktok.com/@fptplay.bongdaviet/video/7529919769198267655,NEU
@trngtienn.1602,Ä‘Ã¬nh báº¯c nÃ³ toÃ n chuyá»n sá»­a lÆ°ng,0.0,https://www.tiktok.com/@fptplay.bongdaviet/video/7529919769198267655,NEG
@it.coder_123,10 chuyá»n cho 7 Ä‘Ã¡nh Ä‘áº§u ğŸ˜,420.0,https://www.tiktok.com/@fptplay.bongdaviet/video/7529919769198267655,POS
@duongsangpro,LÃ¢u láº¯m rá»“i tÃ´i má»›i tháº¥y viá»‡t nam tháº¯ng cam mÃ  má»«ng nhÆ° tháº¿ nÃ y áº¡,115.0,https://www.tiktok.com/@fptplay.bongdaviet/video/7529919769198267655,POS
@dinhphi037,ÄÃ¡ vá»›i cam mÃ  báº£o lÃ  sá»©c máº¡nh. VÃ¢ng máº¡nh dá»¯ trá»i,13.0,https://www.tiktok.com/@fptplay.bongdaviet/video/7529919769198267655,NEU
@dyercbsgsgms1,"Ä‘á»™i tuyá»ƒn U23 Viá»‡t Nam tráº­n bÃ¡n káº¿t vÃ  tiáº¿n xa hÆ¡n lÃ  tráº­n chung káº¿t vá»›i nhá»¯ng Ä‘á»‘i thá»§ Ä‘Æ°á»£c Ä‘Ã¡nh giÃ¡ máº¡nh hÆ¡n LÃ o vÃ  Campuchia á»Ÿ vÃ²ng báº£ng nÃªn thi Ä‘áº¥u tháº­n trá»ng, háº¡n cháº¿ chuyá»ƒn sai Ä‘á»‹a chá»‰, táº­p trung trÃ¡nh máº¯c sai láº§m",0.0,https://www.tiktok.com/@fptplay.bongdaviet/video/7529919769198267655,NEG
@khoadang190989,Äƒn thÃ¡i kÃ¬a chá»© cam thÃ¬.. ğŸ˜‚,1.0,https://www.tiktok.com/@fptplay.bongdaviet/video/7529919769198267655,POS
@ngochoang1124,NÃ³i tháº­t chá»© Ä‘Ã¡ quÃ i Ä‘áº¥t nÆ°á»›c ngta cÅ©ng lÃªn trÃ¬nh chá»© mÃ  máº¥y bá»‘ cá»© chÃª. NhÆ° VN mÃ¬nh cÅ©ng hoÃ  - tháº¯ng máº¥y Ä‘á»™i lá»›n ChÃ¢u Ã Ä‘áº¥y thÃ´i,1.0,https://www.tiktok.com/@fptplay.bongdaviet/video/7529919769198267655,NEG
@lonjsnnsn,Rona Ä‘Ã¬nh báº¯c,0.0,https://www.tiktok.com/@fptplay.bongdaviet/video/7529919769198267655,POS
@phamducdai0,chá»‹u máº¥y Ã´ng thua cÅ©ng nÃ³i tháº¯ng cÅ©ng nÃ³i,21.0,https://www.tiktok.com/@fptplay.bongdaviet/video/7529919769198267655,POS
@phillip.d_2025,Xem quáº£ nÃ y láº¡i nhá»› Ä‘áº¿n NhÃ¢m Máº¡nh DÅ©ng,15.0,https://www.tiktok.com/@fptplay.bongdaviet/video/7529919769198267655,POS
@s.vit934,Pháº£i cÃ´ng nháº­n ÄÃ¬nh Báº¯c vÃ o sÃ¢n cÃ¡i tháº¥y trÃ¬nh Ä‘á»™ khÃ¡c biá»‡t tháº­t,0.0,https://www.tiktok.com/@fptplay.bongdaviet/video/7529919769198267655,NEU
@ng.thit2,giáº£i bÃ³ng gÃ¬ ko tháº¥y ai koi,2.0,https://www.tiktok.com/@fptplay.bongdaviet/video/7529919769198267655,NEG
@gachoi.com,trÃ¬nh VN giá» Ä‘Ã¡ lÃ o vá»›i Campuchia lÃ  OK roii,5.0,https://www.tiktok.com/@fptplay.bongdaviet/video/7529919769198267655,POS
@userhomzzgkyhl,Kiá»ƒu nÃ y sao Ä‘Ã¡ ná»•i vá»›i indo,0.0,https://www.tiktok.com/@fptplay.bongdaviet/video/7529919769198267655,NEG
@vuhung18,SiuuuuuğŸ¥°ğŸ¥°,1.0,https://www.tiktok.com/@fptplay.bongdaviet/video/7529919769198267655,POS
@drakenn235,th Ä‘Ã¬nh báº¯c chuyÃªn gia chuyá»n sá»­a lÆ°ng ğŸ¥¶,45.0,https://www.tiktok.com/@fptplay.bongdaviet/video/7529919769198267655,POS
@dy54kkw99o85,Cam tuy thua nhÆ°ng há» Ä‘Ã£ gáº§n ngang ngá»¯a vá»›i Viá»‡t nam..chá»©ng tá» Ä‘á»™i tuyá»ƒn nhÃ  khÃ´ng tiáº¿n bá»™ láº¯m..,1.0,https://www.tiktok.com/@fptplay.bongdaviet/video/7529919769198267655,NEG
@ducvuong_tayga,Bá»‡nh nguÃ´i sao cÃ³ thá»ƒ chá»¯a! NhÆ°ng tá»‘ cháº¥t cá»§a ngÃ´i sao ko pháº£i cáº§u thá»§ nÃ o cá»‘ gáº¯ng cÅ©ng cÃ³ Ä‘Æ°á»£c! MÃ¬nh váº«n thÃ­ch em áº¥y ğŸ¥°,2.0,https://www.tiktok.com/@fptplay.bongdaviet/video/7529919769198267655,POS
@caubehaysuy290525,cháº¡y 100 cÃ³ lÃ  gÃ¬ minhdong cháº¡y bá»n vs hunter hoÃ iğŸ¤£,0.0,https://www.tiktok.com/@luachonguoitoico/video/7530095729830939911,POS
@tui.l.k.th.y,DÆ°Æ¡ng Domic tÆ°á»›ng cháº¡y Ä‘Ã£ váº­y,0.0,https://www.tiktok.com/@luachonguoitoico/video/7530095729830939911,NEG
@1992quynhjenifer,Thá» luÃ´n . NhÃ¬n 2 em cháº¡y Ä‘á»‰nh cá»§a chÃ³p thÃ´i rá»“i . Chá»‰ cÃ³ mÃªğŸ¥°ğŸ¥°,0.0,https://www.tiktok.com/@luachonguoitoico/video/7530095729830939911,POS
@anhlc15,2 Ã´ng nÃ y chung Ä‘á»™i thÃ¬ s nhá»‰ ğŸ˜,0.0,https://www.tiktok.com/@luachonguoitoico/video/7530095729830939911,POS
@nlinh_008,xem 2 con ngÆ°á»i nÃ y cháº¡y nhÃ¬n thÃ­ch vai,0.0,https://www.tiktok.com/@luachonguoitoico/video/7530095729830939911,NEU
@th.vu0103,mÃ  bá»‘c thÄƒm hay chia 2 Ã´ng cháº¡y nhanh vá» 2 Ä‘á»™i khÃ¡c nhau chÆ°a ká»ƒ ctrinh lÃ m quáº£ Ä‘á»•i Ä‘á»™i trÆ°á»Ÿng cg chÃ­ Ã¡c biáº¿t Ä‘á»™i Cam máº¡nh vá» team up Ä‘á»™i xanh thÃ¬ láº¡i ko báº±ng nÃªn Ä‘á»•i Cris qua Ä‘á»ƒ Ä‘áº©y táº¥t cáº£ tv lÃªn ğŸ˜‰,1.0,https://www.tiktok.com/@luachonguoitoico/video/7530095729830939911,POS
@nividopa_9,"DÆ°Æ¡ng Domic trong Äáº¥u TrÆ°á»ng Gia Tá»‘c lÃ  tháº§nn, mÃª máº¥y khÃºc áº£nh cháº¡y Ä‘ua vá»›i hunter nháº¥t, Ä‘Ã£ máº¯t vÃ£i",0.0,https://www.tiktok.com/@luachonguoitoico/video/7530095729830939911,POS
@lovehieugav,Cá»© lÃªn sÃ n lÃ  auto tháº¯ng,0.0,https://www.tiktok.com/@luachonguoitoico/video/7530095729830939911,POS
@zo._.shiii5,táº¡i máº¥y á»•ng cao ğŸ˜”,0.0,https://www.tiktok.com/@luachonguoitoico/video/7530095729830939911,NEG
@kmy_wf,"vua cá»§a 100m, láº§n nÃ o 2 áº£nh cx gia tá»‘c thÃ nh cÃ´ng Ã¡ chÃ¨nn ( chá»‰ Ä‘oáº¡n 100m nÃ¬ hoi nho )",0.0,https://www.tiktok.com/@luachonguoitoico/video/7530095729830939911,POS
@captainboyyy43,YÃªu cáº§u giáº£m sá»©c máº¡nh máº¥y con tÆ°á»›ng nÃ y giÃ¹m emğŸ˜­,0.0,https://www.tiktok.com/@luachonguoitoico/video/7530095729830939911,POS
@hangrut1808,DÆ°Æ¡ng domic tÃ´i yÃªu em,0.0,https://www.tiktok.com/@luachonguoitoico/video/7530095729830939911,POS
@ngn.nek151,+2 mÃ¡y cháº¡y Ä‘áº¿n tá»« Háº£i PhÃ²ng.DÃ¡ng DÆ°Æ¡ng lÃºc cháº¡y Ä‘áº¹p ghia.MÃª DÆ°Æ¡ng quÃ¡ rÃ¹iii,0.0,https://www.tiktok.com/@luachonguoitoico/video/7530095729830939911,POS
@thuyddadda,Con tÆ°á»›ng DÆ°Æ¡ng Domic cháº¡y 100m quÃ¡ máº¡nh =))),0.0,https://www.tiktok.com/@luachonguoitoico/video/7530095729830939911,POS
@nghan156,Má»—i láº§n 2 áº£nh cháº¡y lÃ  t pháº£i WOW láº§n Ä‘Ã³ =))),0.0,https://www.tiktok.com/@luachonguoitoico/video/7530095729830939911,POS
@boy.p.zai207,DÆ°Æ¡ng cháº¡y láº¹ vÃ£iğŸ˜­,1.0,https://www.tiktok.com/@luachonguoitoico/video/7530095729830939911,NEG
@ngi.khng.l09,Ä‘áº¹p traoi,0.0,https://www.tiktok.com/@luachonguoitoico/video/7530095729830939911,POS
@songtu95_army_,DÆ°Æ¡ng cháº¡y cÃ¡i tÆ°á»›ng nhÃ¬n Ä‘áº¹p ha,0.0,https://www.tiktok.com/@luachonguoitoico/video/7530095729830939911,POS
@lanlan1924,coi ctr nÃ y há»“i há»™p theo tá»«ng giÃ¢y cá»§a há» luÃ´n Ã¡,0.0,https://www.tiktok.com/@luachonguoitoico/video/7530095729830939911,POS
@nguyennhungoc_2k14,tÃ³c minhdong khi cháº¡y toÃ n bay háº¿t vá» phÃ­a sau,0.0,https://www.tiktok.com/@luachonguoitoico/video/7530095729830939911,POS
@user2252301181939,gáº·p Ä‘á»™i cá»©ng cÅ©ng khÃ´ng ghi dk b,0.0,https://www.tiktok.com/@fptbongda/video/7529549957846535442,POS
@nnt.217,tiá»n Ä‘áº¡o cháº¡y thua thg háº­u vá»‡.máº·t dÃ¹ bá» nÃ³ má»™t Ä‘oáº¡n,34.0,https://www.tiktok.com/@fptbongda/video/7529549957846535442,NEG
@honghi669,Trung vá»‡ quÃ¡ xuáº¥t sáº¯c,0.0,https://www.tiktok.com/@fptbongda/video/7529549957846535442,POS
@09nguyen_truong_an09,Cá»¡ Tiáº¿n Linh Ã  ğŸ˜…,44.0,https://www.tiktok.com/@fptbongda/video/7529549957846535442,POS
@haingat,gáº·p bru ghi dc 6 bÃ n cá»© ngá»¡ lÃ  thiÃªn tÃ i ğŸ¤£,0.0,https://www.tiktok.com/@fptbongda/video/7529549957846535442,POS
@tuongtt8288,NÄƒm nay Indonesia dá»… vÃ´ Ä‘á»‹ch,1.0,https://www.tiktok.com/@fptbongda/video/7529549957846535442,POS
@user96js4s4z26,báº¯t láº¡t brunei thÃ´i,0.0,https://www.tiktok.com/@fptbongda/video/7529549957846535442,POS
@tilm6,Äá»‡ Tiáº¿n Linh,0.0,https://www.tiktok.com/@fptbongda/video/7529549957846535442,POS
@dygzjko5udg3,hi vá»ng VN mÃ¬nh gáº·p Ä‘Æ°á»£c Indonesia Ä‘á»ƒ biáº¿t Ä‘Æ°á»£c thá»±c lá»±c cá»§a 2 bÃªn,1.0,https://www.tiktok.com/@fptbongda/video/7529549957846535442,POS
@thvnk0,sÆ°á»›ng thá»±c tai,1.0,https://www.tiktok.com/@fptbongda/video/7529549957846535442,POS
@toanharrry,trung vá»‡ quÃ¡ nhanh chá»© cháº­m j,7.0,https://www.tiktok.com/@fptbongda/video/7529549957846535442,NEG
@user17496235134816,k cÃ³ hÃ  lan 2 thÃ¬ váº­y thÃ´i,0.0,https://www.tiktok.com/@fptbongda/video/7529549957846535442,POS
@hieubmt19847,NhÃ¬n bá»™ phÃ¡p nÃ³ cháº¡y lÃ  biáº¿t trÃ¬nh nÃ³ cá»Ÿ nÃ o. Tiá»n Ä‘áº¡o ngoáº¡i mÃ  20t chÆ°a tá»«ng 1 láº§n chÆ¡i chuyÃªn nghiá»‡p bÃªn hÃ  lan toÃ n ngá»“i dá»± bá»‹,17.0,https://www.tiktok.com/@fptbongda/video/7529549957846535442,POS
@brucelee1992,Ngang hÃ ng vá»›i tiá»n Ä‘áº¡o nÃ o Ä‘Ã³ nháº­n QBV ğŸ˜‚ğŸ˜‚ ğŸ¤£,3.0,https://www.tiktok.com/@fptbongda/video/7529549957846535442,POS
@ft2021999,tráº­n brunei ghi táº­n 6 bÃ nğŸ˜³,0.0,https://www.tiktok.com/@fptbongda/video/7529549957846535442,POS
@tikay2k1,á»š Ä‘au quÃ¡ anh tÃ i Æ¡i ğŸ˜‚ğŸ˜‚,0.0,https://www.tiktok.com/@fptbongda/video/7529549957846535442,POS
@.nhi.tina,gáº·p xuÃ¢n son lÃ  ğŸ˜,0.0,https://www.tiktok.com/@fptbongda/video/7529549957846535442,POS
@vienminh900,tiá»n Ä‘áº¡o mang tiáº¿ng nháº­p ngoáº¡iğŸ¤£,1.0,https://www.tiktok.com/@fptbongda/video/7529549957846535442,POS
@khoinguyen12997,"Giáº¥u bÃ i nÃ³ khoáº» vÃ  nhanh, cáº©n tháº­n kho gáº·p Indo",4.0,https://www.tiktok.com/@fptbongda/video/7529549957846535442,POS
@@bruhbruhenen,"cá»‘ gáº¯ng thÃ¬ cÃ³ thá»ƒ sáº½ tháº¯ng, nhÆ°ng bá» cuá»™c thÃ¬ cháº¯c cháº¯n thua rá»“i !",5502.0,https://www.tiktok.com/@kenh7sports.official/video/7527995833808178450,POS
@van1607_,Bt phÃ¢n bt tháº­n Ä‘Ã³ğŸ¥°,3726.0,https://www.tiktok.com/@kenh7sports.official/video/7527995833808178450,POS
@sa.t.mua.ti.hay.v,ğ—›ğ—®ğ—¹ğ—® ğ— ğ—®ğ—±ğ—¿ğ—¶ğ—± ğ—›ğ—®ğ—¹ğ—® ğ— ğ—®ğ—±ğ—¿ğ—¶ğ—± ğ—›ğ—®ğ—¹ğ—® ğ— ğ—®ğ—±ğ—¿ğ—¶ğ—± ğ—›ğ—®ğ—¹ğ—® ğ— ğ—®ğ—±ğ—¿ğ—¶ğ—± ğ—›ğ—®ğ—¹ğ—® ğ— ğ—®ğ—±ğ—¿ğ—¶ğ—± ğ—›ğ—®ğ—¹ğ—® ğ— ğ—®ğ—±ğ—¿ğ—¶ğ—± ğ—›ğ—®ğ—¹ğ—® ğ— ğ—®ğ—±ğ—¿ğ—¶ğ—± ğ—›ğ—®ğ—¹ğ—® ğ— ğ—®ğ—±ğ—¿ğ—¶ğ—± ğ—›ğ—®ğ—¹ğ—® ğ— ğ—®ğ—±ğ—¿ğ—¶ğ—± ğ—›ğ—®ğ—¹ğ—® ğ— ğ—®ğ—±ğ—¿ğ—¶ğ—± ğ—›ğ—®ğ—¹ğ—® ğ— ğ—®ğ—±ğ—¿ğ—¶ğ—± ğ—›ğ—®ğ—¹ğ—® ğ— ğ—®ğ—±ğ—¿ğ—¶ğ—± ğ—›ğ—®ğ—¹ğ—® ğ— ğ—®ğ—±ğ—¿ğ—¶ğ—± ğ—›ğ—®ğ—¹ğ—® ğ— ğ—®ğ—±ğ—¿ğ—¶ğ—± ğ—›ğ—®ğ—¹ğ—® ğ— ğ—®ğ—±ğ—¿ğ—¶ğ—± ğ—›ğ—®ğ—¹ğ—® ğ— ğ—®ğ—±ğ—¿ğ—¶ğ—± ğ—›ğ—®ğ—¹ğ—® ğ— ğ—®ğ—±ğ—¿ğ—¶ğ—± ğ—›ğ—®ğ—¹ğ—® ğ— ğ—®ğ—±ğ—¿ğ—¶ğ—± ğ—›ğ—®ğ—¹ğ—® ğ— ğ—®ğ—±ğ—¿ğ—¶ğ—± ğ—›ğ—®ğ—¹ğ—® ğ— ğ—®ğ—±ğ—¿ğ—¶ğ—± ğ—›ğ—®ğ—¹ğ—® ğ— ğ—®ğ—±ğ—¿ğ—¶ğ—± ğ—›ğ—®ğ—¹ğ—® ğ— ğ—®ğ—±ğ—¿ğ—¶ğ—± ğ—›ğ—®ğ—¹ğ—® ğ— ğ—®ğ—±ğ—¿ğ—¶ğ—± ğ—›ğ—®ğ—¹ğ—® ğ— ğ—®ğ—±ğ—¿ğ—¶ğ—± ğ—›ğ—®ğ—¹ğ—® ğ— ğ—®ğ—±ğ—¿ğ—¶ğ—± ğ—›ğ—®ğ—¹ğ—® ğ— ğ—®ğ—±ğ—¿ğ—¶ğ—± ğ—›ğ—®ğ—¹ğ—® ğ— ğ—®ğ—±ğ—¿ğ—¶ğ—± ğ—›ğ—®ğ—¹ğ—® ğ— ğ—®ğ—±ğ—¿ğ—¶ğ—± ğ—›ğ—®ğ—¹ğ—® ğ— ğ—®ğ—±ğ—¿ğ—¶ğ—± ğ—›ğ—®ğ—¹ğ—® ğ— ğ—®ğ—±ğ—¿ğ—¶ğ—± ğ—›ğ—®ğ—¹ğ—® ğ— ğ—®ğ—±ğ—¿ğ—¶ğ—± ğ—›ğ—®ğ—¹ğ—® ğ— ğ—®ğ—±ğ—¿ğ—¶ğ—± ğ—›ğ—®ğ—¹ğ—® ğ— ğ—®ğ—±ğ—¿ğ—¶ğ—± ğ—›ğ—®ğ—¹ğ—® ğ— ğ—®ğ—±ğ—¿ğ—¶ğ—± ğ—›ğ—®ğ—¹ğ—® ğ— ğ—®ğ—±ğ—¿ğ—¶ğ—± ğ—›ğ—®ğ—¹ğ—® ğ— ğ—®ğ—±ğ—¿ğ—¶ğ—± ğ—›ğ—®ğ—¹ğ—® ğ— ğ—®ğ—±ğ—¿ğ—¶ğ—± ğ—›ğ—®ğ—¹ğ—® ğ— ğ—®ğ—±ğ—¿ğ—¶ğ—± ğ—›ğ—®ğ—¹ğ—® ğ— ğ—®ğ—±ğ—¿ğ—¶ğ—± ğ—›ğ—®ğ—¹ğ—® ğ— ğ—®ğ—±ğ—¿ğ—¶ğ—± ğ—›ğ—®ğ—¹ğ—® ğ— ğ—®ğ—±ğ—¿ğ—¶ğ—± ğ—›ğ—®ğ—¹ğ—® ğ— ğ—®ğ—±ğ—¿ğ—¶ğ—± ğ—›ğ—®ğ—¹ğ—® ğ— ğ—®ğ—±ğ—¿ğ—¶ğ—± ğ—›ğ—®ğ—¹ğ—® ğ— ğ—®ğ—±ğ—¿ğ—¶ğ—± ğ—›ğ—®ğ—¹ğ—® ğ— ğ—®ğ—±ğ—¿ğ—¶ğ—± ğ—›ğ—®ğ—¹ğ—® ğ— ğ—®ğ—±ğ—¿ğ—¶ğ—± ğ—›ğ—®ğ—¹ğ—® ğ— ğ—®ğ—±ğ—¿ğ—¶ğ—± ğ—›ğ—®ğ—¹ğ—® ğ— ğ—®ğ—±ğ—¿ğ—¶ğ—± ğ—›ğ—®ğ—¹ğ—® ğ— ğ—®ğ—±ğ—¿ğ—¶ğ—± ğ—›ğ—®ğ—¹ğ—® ğ— ğ—®ğ—±ğ—¿ğ—¶ğ—± ğ—›ğ—®ğ—¹ğ—® ğ— ğ—®ğ—±ğ—¿ğ—¶ğ—± ğ—›ğ—®ğ—¹ğ—® ğ— ğ—®ğ—±ğ—¿ğ—¶ğ—± ğ—›ğ—®ğ—¹ğ—® ğ— ğ—®ğ—±ğ—¿ğ—¶ğ—± ğ—›ğ—®ğ—¹ğ—® ğ— ğ—®ğ—±ğ—¿ğ—¶ğ—± ğ—›ğ—®ğ—¹ğ—® ğ— ğ—®ğ—±ğ—¿ğ—¶ğ—± ğ—›ğ—®ğ—¹ğ—® ğ— ğ—®ğ—±ğ—¿ğ—¶ğ—± ğ—›ğ—®ğ—¹ğ—® ğ— ğ—®ğ—±ğ—¿ğ—¶ğ—± ğ—›ğ—®ğ—¹ğ—® ğ— ğ—®ğ—±ğ—¿ğ—¶ğ—± ğ—›ğ—®ğ—¹ğ—® ğ— ğ—®ğ—±ğ—¿ğ—¶ğ—± ğ—›ğ—®ğ—¹ğ—® ğ— ğ—®ğ—±ğ—¿ğ—¶ğ—± ğ—›ğ—®ğ—¹ğ—® ğ— ğ—®ğ—±ğ—¿ğ—¶ğ—± ğ—›ğ—®ğ—¹ğ—® ğ— ğ—®ğ—±ğ—¿ğ—¶ğ—± ğ—›ğ—®ğ—¹ğ—® ğ— ğ—®ğ—±ğ—¿ğ—¶ğ—± ğ—›ğ—®ğ—¹ğ—® ğ— ğ—®ğ—±ğ—¿ğ—¶ğ—± ğ—›ğ—®ğ—¹ğ—® ğ— ğ—®ğ—±ğ—¿ğ—¶ğ—± ğ—›ğ—®ğ—¹ğ—® ğ— ğ—®ğ—±ğ—¿ğ—¶ğ—± ğ—›ğ—®ğ—¹ğ—® ğ— ğ—®ğ—±ğ—¿ğ—¶ğ—± ğ—›ğ—®ğ—¹ğ—® ğ— ğ—®ğ—±ğ—¿ğ—¶ğ—± ğ—›ğ—®ğ—¹ğ—® ğ— ğ—®ğ—±ğ—¿ğ—¶ğ—± ğ—›ğ—®ğ—¹ğ—® ğ— ğ—®ğ—±ğ—¿ğ—¶ğ—± ğ—›ğ—®ğ—¹ğ—® ğ— ğ—®ğ—±ğ—¿ğ—¶ğ—± ğ—›ğ—®ğ—¹ğ—® ğ— ğ—®ğ—±ğ—¿ğ—¶ğ—± ğ—›ğ—®ğ—¹ğ—® ğ— ğ—®ğ—±ğ—¿ğ—¶ğ—± ğ—›ğ—®ğ—¹ğ—® ğ— ğ—®ğ—±ğ—¿ğ—¶ğ—± ğ—›ğ—®ğ—¹ğ—® ğ— ğ—®ğ—±ğ—¿ğ—¶ğ—± ğ—›ğ—®ğ—¹ğ—® ğ— ğ—®ğ—±ğ—¿ğ—¶ğ—± ğ—›ğ—®ğ—¹ğ—® ğ— ğ—®ğ—±ğ—¿ğ—¶ğ—± ğ—›ğ—®ğ—¹ğ—® ğ— ğ—®ğ—±ğ—¿ğ—¶ğ—± ğ—›ğ—®ğ—¹ğ—® ğ— ğ—®ğ—±ğ—¿ğ—¶ğ—± ğ—›ğ—®ğ—¹ğ—® ğ— ğ—®ğ—±ğ—¿ğ—¶ğ—± ğ—›ğ—®ğ—¹ğ—® ğ— ğ—®ğ—±ğ—¿ğ—¶ğ—± ğ—›ğ—®ğ—¹ğ—® ğ— ğ—®ğ—±ğ—¿ğ—¶ğ—± ğ—›ğ—®ğ—¹ğ—® ğ— ğ—®ğ—±ğ—¿ğ—¶ğ—± ğ—›ğ—®ğ—¹ğ—® ğ— ğ—®ğ—±ğ—¿ğ—¶ğ—± ğ—›ğ—®ğ—¹ğ—® ğ— ğ—®ğ—±ğ—¿ğ—¶ğ—± ğ—›ğ—®ğ—¹ğ—® ğ— ğ—®ğ—±ğ—¿ğ—¶ğ—± ğ—›ğ—®ğ—¹ğ—® ğ— ğ—®ğ—±ğ—¿ğ—¶ğ—± ğ—›ğ—®ğ—¹ğ—® ğ— ğ—®ğ—±ğ—¿ğ—¶ğ—± ğ—›ğ—®ğ—¹ğ—® ğ— ğ—®ğ—±ğ—¿ğ—¶ğ—± ğ—›ğ—®ğ—¹ğ—® ğ— ğ—®ğ—±ğ—¿ğ—¶ğ—± ğ—›ğ—®ğ—¹ğ—® ğ— ğ—®ğ—±ğ—¿ğ—¶ğ—± ğ—›ğ—®ğ—¹ğ—® ğ— ğ—®ğ—±ğ—¿ğ—¶ğ—± ğ—›ğ—®ğ—¹ğ—® ğ— ğ—®ğ—±ğ—¿ğ—¶ğ—± ğ—›ğ—®ğ—¹ğ—® ğ— ğ—®ğ—±ğ—¿ğ—¶ğ—± ğ—›ğ—®ğ—¹ğ—® ğ— ğ—®ğ—±ğ—¿ğ—¶ğ—± ğ—›ğ—®ğ—¹ğ—® ğ— ğ—®ğ—±ğ—¿ğ—¶ğ—± ğ—›ğ—®ğ—¹ğ—® ğ— ğ—®ğ—±ğ—¿ğ—¶ğ—± ğ—›ğ—®ğ—¹ğ—® ğ— ğ—®ğ—±ğ—¿ğ—¶ğ—± ğ—›ğ—®ğ—¹ğ—® ğ— ğ—®ğ—±ğ—¿ğ—¶d ğ—›ğ—®ğ—¹ğ—® ğ— ğ—®ğ—±ğ—¿ğ—¶ğ—±,11.0,https://www.tiktok.com/@kenh7sports.official/video/7527995833808178450,POS
@beenkiaa,Háº­u quáº£ cá»§a viá»‡c chÆ¡i game náº¡p tiá»n.. giá» bay nick chÆ¡i láº¡i tá»« Ä‘áº§u lÃ²i trÃ¬nh ngay,113.0,https://www.tiktok.com/@kenh7sports.official/video/7527995833808178450,NEG
@siubucac,Cáº£ vn cx cÃ³ cáº§u thá»§ nháº­p tá»‹ch mÃ  cÃ²n nÃ³i ná»¯a,80.0,https://www.tiktok.com/@kenh7sports.official/video/7527995833808178450,NEG
@binbin41905,Äá»™i tuyá»ƒn quá»‘c gia toÃ n chÃ¢u Ã¢uğŸ¤£ğŸ¤£ğŸ¤£,708.0,https://www.tiktok.com/@kenh7sports.official/video/7527995833808178450,POS
@v_hiu207,"Báº¡n cÃ³ biáº¿t sá»‘ cáº§u thá»§ nÃ y Cristiano Ronaldo, Lionel Messi*, Kylian MbappÃ©, Erling Haaland, Kevin De Bruyne, Luka ModriÄ‡, Toni Kroos, Thomas MÃ¼ller, Manuel Neuer, Robert Lewandowski, Karim Benzema, Antoine Griezmann, Harry Kane, Jude Bellingham, Jack Grealish, Phil Foden, Bukayo Saka, Declan Rice, Kai Havertz, Jamal Musiala, Ilkay GÃ¼ndoÄŸan, Joshua Kimmich, Serge Gnabry, Florian Wirtz, Leroy SanÃ©, Pedri, Gavi, Ferran Torres, Dani Olmo, Ãlvaro Morata, Pau Torres, Aymeric Laporte, Rodri, Unai SimÃ³n, Nico Williams, Mikel Oyarzabal, Martin Ã˜degaard, Alexander SÃ¸rloth, Andreas Christensen, Simon KjÃ¦r, Rasmus HÃ¸jlund, Pierre-Emile HÃ¸jbjerg, Kasper Schmeichel, Christian Eriksen, JoÅ¡ko Gvardiol, Dominik LivakoviÄ‡, Marcelo BrozoviÄ‡, Ivan PeriÅ¡iÄ‡, Andrej KramariÄ‡, Dejan Lovren, Luka JoviÄ‡, Aleksandar MitroviÄ‡, DuÅ¡an TadiÄ‡, DuÅ¡an VlahoviÄ‡, Sergej MilinkoviÄ‡-SaviÄ‡, Nemanja Gudelj, Caglar SÃ¶yÃ¼ncÃ¼, Hakan Ã‡alhanoÄŸlu, Merih Demiral, Arda GÃ¼ler, Ozan Kabak, Guglielmo Vicario, Gianluigi Donnarumma, Federico Chiesa, NicolÃ² Barella, Manuel Locatelli, Sandro Tonali, Alessandro Bastoni, Giorgio Scalvini, Leonardo Spinazzola, Matteo Darmian, Davide Frattesi, Andrea Cambiaso, RaphaÃ«l Varane, Jules KoundÃ©, Ibrahima KonatÃ©, Dayot Upamecano, Eduardo Camavinga, AurÃ©lien TchouamÃ©ni, Adrien Rabiot, Mike Maignan, William Saliba, Benjamin Pavard, Lucas HernÃ¡ndez, ThÃ©o HernÃ¡ndez, Olivier Giroud, Hugo Lloris, Memphis Depay, Cody Gakpo, Xavi Simons, Matthijs de Ligt, Virgil van Dijk, Frenkie de Jong, Steven Bergwijn, Donyell Malen, Daley Blind, Thibaut Courtois, Kevin De Bruyne, Romelu Lukaku, Youri Tielemans, Leandro Trossard, Yannick Carrasco, Timothy Castagne, Jan Vertonghen, Toby Alderweireld, Eden Hazard, Dries Mertens, Axel Witsel, Pavel NedvÄ›d, TomÃ¡Å¡ RosickÃ½, Patrik Schick, VladimÃ­r Coufal, LukÃ¡Å¡ Provod, Milan Å kriniar, Stanislav Lobotka, Marek HamÅ¡Ã­k, Martin Å krtel, Andriy Shevchenko, Oleksandr Zinchenko, Mykhailo Mudryk, Artem Dovbyk, Ruslan Malinovskyi, Anatoliy Trubin, Igor Akinfeev, Andrey Arshavin, Roman Zobnin, Aleksei Miranchuk, Aleksandr Golovin, Gylfi SigurÃ°sson, Ragnar SigurÃ°sson, Eidur GuÃ°johnsen, Alexander Isak, Victor LindelÃ¶f, Emil Forsberg, Dejan Kulusevski, Jesper Karlsson,",11.0,https://www.tiktok.com/@kenh7sports.official/video/7527995833808178450,POS
@hoasivebandochauau,Ä‘á»™i toÃ n nc ngoÃ i thÃ¬ quá»‘c gia cÃ¡i giá»ğŸ¤£ğŸ¤£,81.0,https://www.tiktok.com/@kenh7sports.official/video/7527995833808178450,POS
@long_2112,do trÃ¹ng lá»‹ch nÃªn máº¥y clb nÃ³ khÃ´ng nháº£ ngÆ°á»i máº¥y ba Æ¡i chá»© nÃ³ mÃ  sá»£ thua gÃ¬,7.0,https://www.tiktok.com/@kenh7sports.official/video/7527995833808178450,NEG
@ty.map.truong7,ğŸ˜‚ğŸ˜‚ğŸ˜‚ğŸ˜‚ğŸ˜‚ khÃ´ng cÃ³ nháº­p tá»‹ch lÃ m gÃ¬ cÃ³ tuá»•i mÃ  Ä‘Ã¡,398.0,https://www.tiktok.com/@kenh7sports.official/video/7527995833808178450,POS
@nct0711,"Ä‘Ã£ nháº­p lÃ  nháº­p, vn cÅ©ng nháº­p, k cÃ³ son cháº¯c vn rá»›t giáº£i vá»«a rá»“i lÃ¢u rá»“i,ai cÅ©ng biáº¿t",15.0,https://www.tiktok.com/@kenh7sports.official/video/7527995833808178450,NEG
@mikey.mduc,Bt phÃ¢n bt tháº­n Ä‘Ã³ğŸ¥°,5.0,https://www.tiktok.com/@kenh7sports.official/video/7527995833808178450,POS
@MS4wLjABAAAAcDDpZ7jrXKTh5JOZwt3DBlZ_-J7tvAuZIFjNBXCuQD9tO_8oqytyLJiu600U40An,Cá»‘ gáº¯ng chÆ°a cháº¯c Ä‘Ã£ tháº¯ng nhÆ°ng bá» cuá»™c cháº¯c cháº¯n lÃ  khÃ´ng cÃ³ Ã¡p lá»±c ğŸ˜‚ğŸ˜‚ğŸ˜‚ğŸ˜‚,4.0,https://www.tiktok.com/@kenh7sports.official/video/7527995833808178450,POS
@och.si,"nháº­p tá»‹ch suá»‘t Ä‘Ã£ lÃ m gÃ¬, nÆ°á»›c nÃ o ngÆ°á»i náº¥y Ä‘Ã¡ chá»©,chÃ¡n...",44.0,https://www.tiktok.com/@kenh7sports.official/video/7527995833808178450,NEG
@user1223240987956,Sao malaysia khÃ´ng nháº­p tá»‹ch Ronaldo hay messi neymar mbappe,9.0,https://www.tiktok.com/@kenh7sports.official/video/7527995833808178450,POS
@toieditnguv,tÃ¢m 1m90 hay 95 lÃ  Ä‘áº¹p,0.0,https://www.tiktok.com/@kythuatdabong1/video/7528847443358731542,POS
@nguyenhuyanhtuz,Ronaldo LuÃ­s NazÃ¡rio de Lima: tÃ´i cÃ²n bt háº¯n lÃ  ai,0.0,https://www.tiktok.com/@kythuatdabong1/video/7528847443358731542,POS
@php.o2,sáº¿u vÆ°á»n cÅ©ng cÃ³ 1 sÆ° nghiÃªp ko tá»‡,0.0,https://www.tiktok.com/@kythuatdabong1/video/7528847443358731542,NEU
@userzurrcco9iithuy,7658,0.0,https://www.tiktok.com/@kythuatdabong1/video/7528847443358731542,POS
@bs_ck1_hscc,"ÄÃ£ nghe, cháº¯c cÅ©ng hÆ¡n 20 nÄƒm rá»“i",0.0,https://www.tiktok.com/@kythuatdabong1/video/7528847443358731542,POS
@nicolas.biber,"HÃ ng ná»™i thÃ´i. Thá»i Ä‘Ã³ Jan koller cá»§a ch sÃ©c má»›i lÃ  con hÃ ng trung phong ngon nháº¥t, sau lÃ  drogba",0.0,https://www.tiktok.com/@kythuatdabong1/video/7528847443358731542,POS
@trunghung6689,ÄÃ£ lÃ¢u rá»“i khÃ´ng nghe cÃ¡i tÃªn Stock city,15.0,https://www.tiktok.com/@kythuatdabong1/video/7528847443358731542,NEU
@thanhnha_010290,Sáº¿u vÆ°á»n biá»‡t danh ğŸ¥°,0.0,https://www.tiktok.com/@kythuatdabong1/video/7528847443358731542,POS
@userjkpfw8zajd,gáº·p thá»£ sÄƒn á»‘ng Ä‘á»“ng lÃ  lá»¥m ngay luÃ´n,1.0,https://www.tiktok.com/@kythuatdabong1/video/7528847443358731542,POS
@khodeptrai1125,wow isagi,3.0,https://www.tiktok.com/@kythuatdabong1/video/7528847443358731542,POS
@bienmayvang,"há»“i nhá» chÆ¡i Fifa mua Ã´ng nÃ y vá» Ä‘Ã¡nh Ä‘áº§u , cá»© báº­t nháº£y lÃ  cÃ³ bÃ n",2.0,https://www.tiktok.com/@kythuatdabong1/video/7528847443358731542,NEG
@xaytv2,Ã”g nÃ y ngÃ y xÆ°a ghi bÃ n Ä‘iá»u Ä‘iá»u luÃ´n Ã½,2.0,https://www.tiktok.com/@kythuatdabong1/video/7528847443358731542,NEU
@nhin.cai.gi.ha.nhoc,isagi,2.0,https://www.tiktok.com/@kythuatdabong1/video/7528847443358731542,POS
@haimk123,"cao nhÆ° a áº¥y thÃ¬ Ä‘áº§y, cÃ²n biáº¿t lá»£i tháº¿ Ä‘á»ƒ chÆ¡i bÃ³ng Ä‘Ã¡ thÃ¬ chÆ°a ai lÃ m dc",2.0,https://www.tiktok.com/@kythuatdabong1/video/7528847443358731542,POS
@kien.osaka_,Giáº§y Ä‘Ã³ sÃ¢n cá» khÃ¡ chÆ¡n nÃªn ngÃ£ lÃ  bt,13.0,https://www.tiktok.com/@kythuatdabong1/video/7528847443358731542,NEU
@nguynngcthnh1833,Ramos nÃ³ tÃ´ng phÃ¡ cháº¯c 1/2 ğŸ§ğŸ§ğŸ§,1.0,https://www.tiktok.com/@kythuatdabong1/video/7528847443358731542,POS
@blue.lcok83,ğŸ˜ğŸ˜ğŸ˜,0.0,https://www.tiktok.com/@kythuatdabong1/video/7528847443358731542,POS
@fanl.f.c7,ğŸ¥°ğŸ¥°ğŸ¥°,0.0,https://www.tiktok.com/@kythuatdabong1/video/7528847443358731542,POS
@ph.php2,ğŸ˜³ğŸ˜³ğŸ˜³,0.0,https://www.tiktok.com/@kythuatdabong1/video/7528847443358731542,POS
@sachsoisong,"Nháº­t Báº£n ráº¥t xuáº¥t sáº¯c rá»“i, chá»‰ tiáº¿c lÃ  Bá»‰ nÄƒm Ä‘Ã³ quÃ¡ hay vÃ  Ä‘á»™i hÃ¬nh cá»§a há»™ Ä‘ang lÃ  tháº¿ há»‡ vÃ ng ğŸ¥º",0.0,https://www.tiktok.com/@blvnguoithai/video/7528740925074312466,POS
@khangden208,wc 22 hay hÆ¡n,0.0,https://www.tiktok.com/@blvnguoithai/video/7528740925074312466,POS
@use0192837819,nÃªn tá»• chá»©c 200 nÆ°á»›c Ä‘á»ƒ VN Ä‘Æ°á»£c giáº£i khuyáº¿n khÃ­ch dá»± world cup.,0.0,https://www.tiktok.com/@blvnguoithai/video/7528740925074312466,POS
@lambao2,ae chá» p3nhe,0.0,https://www.tiktok.com/@blvnguoithai/video/7528740925074312466,POS
@satonido,tháº¯ng Colombia lÃ  giá»¯ rá»“i,0.0,https://www.tiktok.com/@blvnguoithai/video/7528740925074312466,NEU
@dan_wifu69,NÄƒm nÃ y VN chÃºng ta cÅ©ng vÆ°á»£t vÃ²ng báº£ng Asia thÃ¬ pháº£i (khÃ´ng nhá»› rÃµ) nhÆ°ng cÅ©ng vÆ°á»£t qua nhá» Ã­t tháº» thÃ´i....,0.0,https://www.tiktok.com/@blvnguoithai/video/7528740925074312466,NEG
@da30.09,Thá»i hlv trÆ°á»Ÿng cá»§a campuchia cÃ²n Ä‘Ã¡,0.0,https://www.tiktok.com/@blvnguoithai/video/7528740925074312466,NEU
@hoangthanhthien18k1,Nháº­t ná»n bÃ³ng Ä‘Ã¡ nÃ³ hay Ä‘áº¥y cáº§u thá»§ k nhÆ° VN mÃ¬nh cÃ³ tÃ½ danh tiáº¿ng lÃ  bá»‡nh ngÃ´i sao nhÆ° filip nguyá»…n nÃ³i Ä‘áº¥y nÃªn lÃ  khÃ³ mÃ  VN mÃ¬nh Ä‘c Ä‘Ã¡ WC,0.0,https://www.tiktok.com/@blvnguoithai/video/7528740925074312466,POS
@hoangbachgavailon,wc22 thg Nháº­t kinh hÆ¡n,0.0,https://www.tiktok.com/@blvnguoithai/video/7528740925074312466,NEG
@huungoc5789,tá»• chá»©c á»Ÿ nháº­t trá»ng tÃ i thiÃªn vá»‹ chá»§ nhÃ ,0.0,https://www.tiktok.com/@blvnguoithai/video/7528740925074312466,POS
@chongiunhungoc2,hi sáº¿p ğŸ§,4.0,https://www.tiktok.com/@blvnguoithai/video/7528740925074312466,POS
@thinhhd94,Nháº­t thÃ¬ giá» Ä‘á»™i nÃ o cÅ©ng sá»£,0.0,https://www.tiktok.com/@blvnguoithai/video/7528740925074312466,POS
@bao30042002,Nháº­t thá»i nÃ y top 60 mÃ  giá» tiá»‡m cáº­n top 20 r,68.0,https://www.tiktok.com/@blvnguoithai/video/7528740925074312466,POS
@doidaufarm,TÃ´i chá»‰ Ä‘á»ƒ Ã½ e gÃ¡i xinh Ä‘áº¹p Ä‘Ã³ ğŸ¤­,1.0,https://www.tiktok.com/@blvnguoithai/video/7528740925074312466,POS
@lethuong92bn,xem nháº­t lá»‘i Ä‘Ã¡ váº«n hay hÆ¡n hÃ n quá»‘c ğŸ‘ğŸ‘ğŸ‘ğŸ‘,29.0,https://www.tiktok.com/@blvnguoithai/video/7528740925074312466,POS
@ri1100,nháº­t Ä‘Ã¡ cÅ©ng cÃ³ lÃºc hoÃ  VN thÃ´i chá»© cÃ³ gÃ¬ Ä‘Ã¢u,3.0,https://www.tiktok.com/@blvnguoithai/video/7528740925074312466,POS
@muwku.wakam,â¤ nÄƒm Ä‘Ã³ coi nhá»› mÃ£i,1.0,https://www.tiktok.com/@blvnguoithai/video/7528740925074312466,POS
@thang7588,Tráº­n Nháº­t vs Bá»‰ thua 40tr nhá»› mÃ£i,1.0,https://www.tiktok.com/@blvnguoithai/video/7528740925074312466,NEG
@doichanphale97,Bá»¯a nÃ³i NB cao thÆ°á»£ng táº§n cÃ´ng háº¿t mÃ¬nh Ä‘á»ƒ tháº¯ng Bá»‰ chá»© ko cháº¥p hoÃ  nÃªn má»›i bá»‹ thua phÃºt cuá»‘i dÃ¹ cÃ³ chá»n láº¡i thÃ¬ CT NB cá»§ng lÃ m tháº¿ ğŸ˜‚ğŸ˜‚! Váº­y mÃ  tráº­n cuá»‘i vÃ²ng báº£n ko dÃ¡m Ä‘Ã¡ táº§n cÃ´ng chuyá»n qua chuyá»n láº¡i ğŸ˜‚ğŸ˜‚,0.0,https://www.tiktok.com/@blvnguoithai/video/7528740925074312466,POS
@leduong_92,nÄƒm sau nháº­t vÃ o tá»›i bÃ¡n káº¿t wc,0.0,https://www.tiktok.com/@blvnguoithai/video/7528740925074312466,POS
@siputih067,@ğŸ„¶ğŸ„¸ğŸ„º55ê§‚â—•àº´ àº´ğŸ‘‘àº´â˜…à¸«à¹‰à¸²à¸¡à¸à¸¥à¸²à¸”à¹‚à¸­à¸à¸²à¸ªà¸™à¸µà¹‰â˜…ğŸ‘‘àº´ğŸŒŸàº·âƒ ğŸ’œàº·âƒŸâ³àº·àº·ğŸ¤ àº·ğŸ’œàº·âƒŸâ³àº·àº·ğŸŒŸğŸ’œàº·âƒŸâ³àº·àº·ğŸ¤àº·âƒŸğŸŒŸàº·àº·â³ àº·ğŸ’œàº·âƒŸğŸŒŸàº·àº·â³àº·âƒŸğŸ¤àº·#01,1.0,https://www.tiktok.com/@chinalfunny/video/7527362859072802061,POS
@reddop,@ğ”¾ğ•€ğ•‚ğŸğŸğŸ†ğŸŒˆğŸ“¸ğŸ“·ğŸŒ€àº·â¤â€ğŸ”¥àº·ğŸŒ€àº·â¤â€ğŸ”¥ğŸŒ€àº·à¸­à¸”à¹€à¸¢à¸µà¹ˆà¸¢à¸¡ğŸŒ€àº·â¤â€ğŸ”¥àº·ğŸŒ€ğŸ¤¦ğŸ»â€â™€ï¸àº·ğŸŒ€ğŸ“·ğŸ“¸ğŸŒˆğŸ†â¤â€ğŸ”¥,2.0,https://www.tiktok.com/@chinalfunny/video/7527362859072802061,POS
@sofia.a886,@ğŸ…¶ğŸ…¸ğŸ…º55_ğŸ˜ˆğŸ‘¿ğŸ’œà»ˆğŸ’ŸğŸ’ŸğŸ’œà»ˆğŸ’œà»ˆà¹€à¸—à¸ğŸ’œà»ˆğŸ’ŸğŸ’ŸğŸ’œà»ˆà»ğŸ’ŸğŸ’ŸğŸ’œğŸ’œğŸ’ŸğŸ’œğŸ’ŸğŸ’ŸğŸ’ŸğŸ’ŸğŸ’œğŸ’œğŸ’œğŸ’ŸğŸ’œğŸ’œğŸ’¢ğŸ’¢ğŸ’œğŸ’ŸğŸ’¢ğŸ’¢â™€ï¸ğŸ’ŸğŸ‘¾ğŸ‘¿ğŸ˜ˆâ™¥ï¸â™¥ï¸â™¥ï¸,1.0,https://www.tiktok.com/@chinalfunny/video/7527362859072802061,POS
@bagoneennwx,@ğŸ…¶ğŸ…¸ğŸ…º55ğŸŒ¸àº´ğŸ§¸àº´ğŸ’«àº´ğŸ©·àº´ğŸŒ¸àº´ğŸ§¸àº´ğŸ’«àº´ğŸ©·àº´ğŸŒ¸àº´ğŸ§¸àº´ğŸ’«àº´ğŸ©·àº´ğŸŒ¸àº´ğŸ§¸àº´ğŸ’«àº´ğŸ©·àº´ğŸŒ¸àº´ğŸ§¸àº´ğŸ’«àº´ğŸ©·àº´à¹€à¸—à¸à¸šà¸¸à¸•à¸£àº´ğŸŒ¸àº´ğŸ§¸àº´ğŸ’«àº´ğŸ©·àº´ğŸŒ¸àº´ğŸ§¸àº´ğŸ’«àº´ğŸ©·àº´ğŸŒ¸àº´ğŸ§¸àº´ğŸ’«àº´ğŸ©·àº´à¸ªà¹ˆà¸¢#*77ğŸ˜³,3.0,https://www.tiktok.com/@chinalfunny/video/7527362859072802061,POS
@angrlicaa3,@â–‘Gâ–‘Iâ–‘Kâ–‘5â–‘5â–‘ğŸ’¥ğŸ‰ğŸŒ¸àº·ğŸ‘‘âœ¨ğŸ¦â€â¬›àº·Â²ğŸŒ¸àº·ğŸ¦â€â¬›àº·à¹€à¸—à¸à¸˜à¸´à¸”à¸²ğŸŒ¸àº·âœ¨ğŸ‘‘ğŸ¦â€â¬›àº·Â²ğŸŒ¸àº·ğŸ¦â€â¬›àº· ğŸª·ğŸ¦©ğŸ¦©ğŸ‘‘ğŸ‰ğŸ’¥ğŸ¥°ğŸ’œ,2.0,https://www.tiktok.com/@chinalfunny/video/7527362859072802061,POS
@user5117696811661,nadade arawutabanga mai amana darikon soyayya irinkiba kinbirgeni so,1.0,https://www.tiktok.com/@chinalfunny/video/7527362859072802061,POS
@user7757937988281,717. 171,4.0,https://www.tiktok.com/@chinalfunny/video/7527362859072802061,POS
@mrtivbcw7yl,@ğ”¾ğ•€ğ•‚ğŸğŸâ—ğŸ”µà»ˆâ™¥ï¸àº·ğŸ¤à»‰â¤ï¸â€ğŸ”¥âƒŸğŸ–¤ àº·ğŸ’œà»ˆà»à»ˆğŸ²à¸­à¸”à¹€à¸¢à¸µà¹ˆà¸¢à¸¡ àº·ğŸ²ğŸ’œà»ˆà»à»ˆâ¤ï¸â€ğŸ”¥âƒŸğŸ–¤ àº·ğŸ”µà»ˆâ™¥ï¸àº·â›§Â°ğŸ•¸ï¸âœ¨âœ¨ğŸ¦‹,1.0,https://www.tiktok.com/@chinalfunny/video/7527362859072802061,POS
@marc.drouin1,ğŸ˜‚ğŸ˜‚ğŸ˜‚trop drole sa,3.0,https://www.tiktok.com/@chinalfunny/video/7527362859072802061,POS
@bulukama8f7,@ğ”¾ğ•€ğ•‚ğŸğŸ_ğŸŒŸğŸ’«ğŸ‘‘ğŸŒˆâ­•ğŸŒˆâ›±ï¸ğŸ’›à¸à¸£à¸°à¸¨à¸´à¸§à¸°ğŸŒ‡ğŸ’›ğŸŒ‡ğŸ’›â›±ï¸ğŸŒˆâ­•ğŸŒˆâœ¨à¸ªà¸¸à¸‚à¸ªà¸±à¸™à¸•à¹Œâœ¨ğŸŒˆâ­•ğŸŒˆâ›±ï¸ğŸ’›ğŸŒ‡à¸à¸£à¸°à¸¨à¸´à¸§à¸°ğŸ’›ğŸŒ‡ğŸ’›â›±ï¸ğŸŒˆâ­•ğŸŒˆğŸ‘‘ğŸ’«ğŸŒŸ#*86ğŸ˜‚,1.0,https://www.tiktok.com/@chinalfunny/video/7527362859072802061,POS
@mr.ichaaa,GIK55ê§‚â—•àº´ àº´ğŸ’™àº´ğŸŒ à¸à¸£à¹‰à¸­à¸¡à¸¥à¸¸à¸¢à¹à¸¥à¹‰à¸§ğŸŒ ğŸ’™àº´ğŸ’àº·âƒ ğŸ’àº·âƒŸğŸ’™àº·àº·ğŸ’ àº·ğŸ’àº·âƒŸğŸ’™àº·àº·ğŸŒ ğŸ’àº·âƒŸğŸ’™àº·àº·ğŸ’àº·âƒŸğŸŒ àº·ğŸ’àº·âƒŸğŸ’àº·àº·ğŸ’™àº·âƒŸğŸŒ #ğŸ•ğŸ•ğŸ•,1.0,https://www.tiktok.com/@chinalfunny/video/7527362859072802061,POS
@mralbet699,ğŸŒğŸŒğŸŒ@ğ”¾ğ•€ğ•‚ğŸğŸê§‚â—•ğŸ”±ğŸ’œàºµâƒğŸ’•â¤ï¸â€ğŸ”¥â¤ï¸â€ğŸ”¥â¤ï¸â€ğŸ”¥ğŸ’Œà¸œà¸¥à¹„à¸¡à¹‰à¸ªà¸”ğŸ’Œâ˜„ï¸â¤ï¸àº·âƒŸğŸ¤àº·àº·ğŸ’™ àº·ğŸŒ ğŸ’Œà¸™à¸µà¹ˆà¹€à¸à¸·à¹ˆà¸­à¸™ğŸ’ŒğŸŒŒâ¤ï¸àº·âƒŸğŸ¤àº·àº·ğŸ’™ ğŸŒ„àº·â¤ï¸àº·âƒŸğŸ¤àº·àº·ğŸ’™ àº·ğŸœï¸â¤ï¸àº·âƒŸğŸ¤ğŸ’™ğŸï¸â¤âƒŸğŸ¤àº·ğŸ’™ğŸ’™ğŸ’™ğŸ¾ğŸ¾ğŸ¾ğŸ’ğŸ’ğŸ’ğŸŒğŸŒğŸŒ,1.0,https://www.tiktok.com/@chinalfunny/video/7527362859072802061,POS
@user33417231750150,áŒ»áŠáˆáŠ,0.0,https://www.tiktok.com/@chinalfunny/video/7527362859072802061,POS
@ahmedzyed661,okk,0.0,https://www.tiktok.com/@chinalfunny/video/7527362859072802061,POS
@jimenezok,alÃ³ con tomate ğŸ¥°ğŸ¥°ğŸ¥°ğŸ¥°ğŸ¥°,0.0,https://www.tiktok.com/@chinalfunny/video/7527362859072802061,POS
@mrtivjbbgha,@ğŸ…¶ğŸ…¸ğŸ…º55â€¢ğŸ”¥âœ¨ğŸ’«âœ¨ğŸŸ¡ğŸŒ»ğŸŒ¼à¸˜à¸µà¸¡à¸¡à¸µà¹ˆà¸„à¸§à¸µà¸™ğŸŒ¼ğŸŒ»ğŸŸ¡âœ¨ğŸ’«âœ¨ğŸ”¥( â— â€¢ á´— â€¢ â— ) â¤ğŸ’œğŸ’š,1.0,https://www.tiktok.com/@chinalfunny/video/7527362859072802061,POS
@leuwiambit7,@â’¼ğˆğŠ55ğŸ’—ğŸ’«ğŸ”®ğŸ©¶ğŸŒ™ğŸ©¶ğŸ”®ğŸ’«ğŸ’—à¸ªà¸§à¸±à¸ªà¸”à¸µà¸„à¹ˆğŸ’—ğŸ’«ğŸ”®ğŸ©¶ğŸŒ™ğŸ©¶ğŸ”®ğŸ’«ğŸ’—à¸™à¹ˆà¸²à¸£à¸±à¸à¸¡à¸²à¸à¸„à¹ˆ,1.0,https://www.tiktok.com/@chinalfunny/video/7527362859072802061,POS
@victoriasarah900,ğŸŒğŸŒğŸŒ@ğ”¾ğ•€ğ•‚ğŸğŸê§‚â—•ğŸ”±ğŸ’œàºµâƒğŸ’•â¤ï¸â€ğŸ”¥â¤ï¸â€ğŸ”¥â¤ï¸â€ğŸ”¥ğŸ’Œà¸œà¸¥à¹„à¸¡à¹‰à¸ªà¸”ğŸ’Œâ˜„ï¸â¤ï¸àº·âƒŸğŸ¤àº·àº·ğŸ’™ àº·ğŸŒ ğŸ’Œà¸™à¸µà¹ˆà¹€à¸à¸·à¹ˆà¸­à¸™ğŸ’ŒğŸŒŒâ¤ï¸àº·âƒŸğŸ¤àº·àº·ğŸ’™ ğŸŒ„àº·â¤ï¸àº·âƒŸğŸ¤àº·àº·ğŸ’™ àº·ğŸœï¸â¤ï¸àº·âƒŸğŸ¤ğŸ’™ğŸï¸â¤âƒŸğŸ¤àº·ğŸ’™ğŸ’™ğŸ’™ğŸ¾ğŸ¾ğŸ¾ğŸ’ğŸ’ğŸ’ğŸŒğŸŒğŸŒ,1.0,https://www.tiktok.com/@chinalfunny/video/7527362859072802061,POS
@user845193125,inocente sou eu,5.0,https://www.tiktok.com/@chinalfunny/video/7527362859072802061,POS
@kamilasrr_,wellll,2.0,https://www.tiktok.com/@herah78/video/7528655050877488391,NEU
@yudi04.castillo.h,peligro eso de corta plata,0.0,https://www.tiktok.com/@herah78/video/7528655050877488391,POS
@salsanovianti07,anak gwğŸ˜­,3.0,https://www.tiktok.com/@herah78/video/7528655050877488391,POS
@diyaauliaaaa,Waduuuuhh neng aldaaaaaağŸ˜‚,3.0,https://www.tiktok.com/@herah78/video/7528655050877488391,POS
@sevenfvckk,@gerindrapak ieu alo abi wanianğŸ˜‚,2.0,https://www.tiktok.com/@herah78/video/7528655050877488391,POS
@iukimanh6,ğŸ˜ğŸ˜ğŸ˜,0.0,https://www.tiktok.com/@herah78/video/7528655050877488391,POS
@amadikingsley7,ğŸ˜‚ğŸ˜‚ğŸ˜‚,0.0,https://www.tiktok.com/@herah78/video/7528655050877488391,POS
@mario.1781,ğŸ˜ğŸ˜ğŸ˜,0.0,https://www.tiktok.com/@herah78/video/7528655050877488391,POS
@alim_co23,ğŸ˜³ğŸ˜³ğŸ˜³,0.0,https://www.tiktok.com/@herah78/video/7528655050877488391,POS
@user1625638805019,ğŸ˜‚ğŸ˜‚ğŸ˜‚,0.0,https://www.tiktok.com/@herah78/video/7528655050877488391,POS
@miko_976,ğŸ˜ğŸ˜ğŸ˜,0.0,https://www.tiktok.com/@herah78/video/7528655050877488391,POS
@aariya.magar5,ğŸ˜ğŸ˜ğŸ˜,0.0,https://www.tiktok.com/@herah78/video/7528655050877488391,POS
@user0055815826,ğŸ¥°ğŸ¥°ğŸ¥°,0.0,https://www.tiktok.com/@herah78/video/7528655050877488391,POS
@ydrty_03,ğŸ˜ğŸ˜ğŸ˜,0.0,https://www.tiktok.com/@herah78/video/7528655050877488391,POS
@cristina.sales22,ğŸ‘ğŸ‘ğŸ‘,0.0,https://www.tiktok.com/@herah78/video/7528655050877488391,POS
@muhammad.adam126,ğŸ¥°ğŸ¥°ğŸ¥°,0.0,https://www.tiktok.com/@herah78/video/7528655050877488391,POS
@maney8217,ğŸ˜³ğŸ˜³ğŸ˜³,0.0,https://www.tiktok.com/@herah78/video/7528655050877488391,POS
@zabhu.aung,ğŸ˜³ğŸ˜³ğŸ˜³,0.0,https://www.tiktok.com/@herah78/video/7528655050877488391,POS
@user4054847782665niken,ğŸ¥°ğŸ¥°ğŸ¥°,0.0,https://www.tiktok.com/@herah78/video/7528655050877488391,POS
@ticking_tocking1,ğŸ˜ğŸ˜ğŸ˜,0.0,https://www.tiktok.com/@herah78/video/7528655050877488391,POS
@user97127452,Ck ng ta tháº¥y hÃ m Ck tui muá»‘n bÃ¡o cÃ´ng an luÃ´n,76.0,https://www.tiktok.com/@doan.phan.hoang.hieu/video/7523723917559663879,POS
@tuyetngan98,xin vÃ­a cÃ³ ngÆ°á»i cáº§u hÃ´n lÃ£ng máº¡ng,732.0,https://www.tiktok.com/@doan.phan.hoang.hieu/video/7523723917559663879,NEU
@tuyen.25399,Äang ngá»“i lÃ m ca Ä‘Ãªm. Ck em cháº¡y qua máº¹ kÃªu 25 táº¿t cÆ°á»›i nha. Giá» em muá»‘n bÃ¡o cÃ´ng an quÃ¡,179.0,https://www.tiktok.com/@doan.phan.hoang.hieu/video/7523723917559663879,POS
@dungtran0772,"nhiá»u bÃ  vÃ o chÃª ck nÃ y ná» trong khi lÆ°Æ¡ng ngÆ°á»i ta Ä‘Æ°a háº¿t cho máº¥y bÃ  thá»­ há»i tiá»n Ä‘Ã¢u mua quÃ  cÃ¡p nÃ y kia , cÃ²n nhá»¯ng ai táº·ng quÃ  máº¯c tiá»n hÃ£y xem láº¡i nÃ³ cÃ³ quá»¹ Ä‘en",4.0,https://www.tiktok.com/@doan.phan.hoang.hieu/video/7523723917559663879,NEG
@huynhnhu716,Ck t thÃ¨m mÃ³n j nÃ³i nÃ³ cÃ²n k chá»Ÿ Ä‘i nÃ³i chi lÃ£ng máº¡nğŸ˜‚ğŸ˜‚ğŸ˜‚,16.0,https://www.tiktok.com/@doan.phan.hoang.hieu/video/7523723917559663879,POS
@vuluanr6677,cáº§u hÃ´n ngay cáº§u tÃ¬nh yÃªu lun má»›i chá»‹u ak. chÃºc 2 báº¡n 100 nÄƒm Hp,22.0,https://www.tiktok.com/@doan.phan.hoang.hieu/video/7523723917559663879,POS
@giang.693_,t cÆ°á»i theo luÃ´n ğŸ¤­ hÃ­ hÃ­,3.0,https://www.tiktok.com/@doan.phan.hoang.hieu/video/7523723917559663879,POS
@tapxaykenh6,Máº¥y chá»‹ xem cÃ³ chá»• nÃ o dáº¡y viá»‡c cáº§u hÃ´n em cho ck em Ä‘i há»c dáº¡y hk dc tháº§y cÃ³ quyá»n chÃ­ch Ä‘iá»‡n thoáº£i mÃ¡i chá»© em mÃºn bÃ¡o cÃ´ng an quÃ¡,18.0,https://www.tiktok.com/@doan.phan.hoang.hieu/video/7523723917559663879,NEG
@phamdieuthien94,ChÃºc hai báº¡n háº¡nh phÃºc. mÃ£i mÃ£i 1 tÃ¬nh yÃªu,1.0,https://www.tiktok.com/@doan.phan.hoang.hieu/video/7523723917559663879,POS
@maianh728,trc báº£o pháº£i cáº§u hÃ´n má»›i Ä‘á»“ng Ã½ :) ck t Ä‘Æ°a máº¹ t lÃªn cáº§u xong Ä‘Ã²i hÃ´n rá»“i báº£o a cáº§u hÃ´n rá»“i Ä‘áº¥y ğŸ˜‚ğŸ˜‚ğŸ˜‚,7.0,https://www.tiktok.com/@doan.phan.hoang.hieu/video/7523723917559663879,POS
@c.th.kim.thanh1,Em xin vÃ­a Ä‘Æ°á»£c nhÆ° váº­y Ä‘c 2 bÃªn gia Ä‘Ã¬nh cháº¥p nháº­n áº¡,6.0,https://www.tiktok.com/@doan.phan.hoang.hieu/video/7523723917559663879,NEU
@bautroixanh060797,Xin vÃ­a áº½ Ny cáº§u hÃ´n lÃ£ng máº¡n,5.0,https://www.tiktok.com/@doan.phan.hoang.hieu/video/7523723917559663879,POS
@_izue.6,"nhÃ¬n ngta hphuc mÃ  cháº¡nh lÃ²ng quÃ¡, cÅ©ng chÃºc ac hphuc nhÃ©, sá»›m láº¥y dc nhauğŸ¥°",21.0,https://www.tiktok.com/@doan.phan.hoang.hieu/video/7523723917559663879,POS
@khaphuong1996,Uoc hp nhu vay,2.0,https://www.tiktok.com/@doan.phan.hoang.hieu/video/7523723917559663879,POS
@nguyenvanalenz,Ä‘á»‹a chá»‰ quÃ¡n nÃ y Æ¡i Ä‘Ã¢u váº­y báº¡n,1.0,https://www.tiktok.com/@doan.phan.hoang.hieu/video/7523723917559663879,NEU
@nguyen.quang355,mang dÃ©p tÃ´ng Ä‘i cáº§u hÃ´n cha ğŸ˜³,3.0,https://www.tiktok.com/@doan.phan.hoang.hieu/video/7523723917559663879,POS
@sonreview01,á»¦a nháº«n cáº§u hÃ´n vá»›i nhá»¯ng cÆ°á»›i lÃ  khÃ¡c nhau Ä‘Ãºng hk ta,4.0,https://www.tiktok.com/@doan.phan.hoang.hieu/video/7523723917559663879,POS
@kyma054,Æ¯á»›c gÃ¬ cÃ³ ai Ä‘Ã³ trÆ°Æ¡ng mÃ¬nh....Ä‘á»ƒ mÃ¬nh cáº§u hÃ´n,16.0,https://www.tiktok.com/@doan.phan.hoang.hieu/video/7523723917559663879,NEU
@manvan0097,ÄÃ£ tÆ°á»ng háº¿t lÃ²ng vÃ¬ ngta .. Ä‘Ã³n láº¡i lÃ  sá»± tá»•n thÆ°Æ¡ng .. gio Ä‘ang cá»‘ gáº¯ng lÃ m láº¡i tá»« Ä‘áº§uğŸ˜’ğŸ˜’ğŸ˜’,7.0,https://www.tiktok.com/@doan.phan.hoang.hieu/video/7523723917559663879,POS
@nguyen.ai.vy.2505,á» Ä‘Ã¢u váº­y áº¡,1.0,https://www.tiktok.com/@doan.phan.hoang.hieu/video/7523723917559663879,POS
@thu.hieenie,nÃ³ cá»• cá»• mÃ  xÆ°a xÆ°a kiá»ƒu gÃ¬ Ã¡ ta oi nhÃ¬n mÃª quÃ¡a,2524.0,https://www.tiktok.com/@haiduabangtuoi0811/video/7527997882792742152,POS
@diem.hoang.13,nhÃ¬n giá»‘ng Ä‘Ã¡m cÆ°á»›i há»“i xÆ°a quÃ¡,0.0,https://www.tiktok.com/@haiduabangtuoi0811/video/7527997882792742152,NEU
@nabi.bbi,Ä‘Ãºng cháº¥t Ä‘Ã¡m cÆ°á»›i xÆ°a lun,0.0,https://www.tiktok.com/@haiduabangtuoi0811/video/7527997882792742152,POS
@thuylinh1099,á» PhÃº YÃªn lÃ  cÃ´ dÃ¢u cáº§m bÃ³ hoa Ä‘Ã³ háº£ anh chá»‹,77.0,https://www.tiktok.com/@haiduabangtuoi0811/video/7527997882792742152,POS
@thtra_ni,á»§a tÆ°á»Ÿng cÃ²n ten th chá»©,0.0,https://www.tiktok.com/@haiduabangtuoi0811/video/7527997882792742152,POS
@nguyen.thanhhao,T chá» 2ng nÃ y cÆ°á»›i dá»¯ luÃ´n a,474.0,https://www.tiktok.com/@haiduabangtuoi0811/video/7527997882792742152,POS
@23_04_20023,40 cÃ¡i Ä‘Ã¡m cÆ°á»›i r Äƒ bÃ¢y,0.0,https://www.tiktok.com/@haiduabangtuoi0811/video/7527997882792742152,POS
@thin.tu06,Ãª sao hoa cÆ°á»›i nÃ³ kÃ¬ kÃ¬ sao Ã¡ hay lÃ  tui ko biáº¿t,7.0,https://www.tiktok.com/@haiduabangtuoi0811/video/7527997882792742152,POS
@nguoidepdongthap2,Ai makeup mÃ  Ä‘á»™i cÃ¡i máº¥n ko khÃ©o gÃ¬ háº¿t,365.0,https://www.tiktok.com/@haiduabangtuoi0811/video/7527997882792742152,NEG
@truchuynhnek,Chá»i Æ¡iii nÃ³ cÆ°nggggg,0.0,https://www.tiktok.com/@haiduabangtuoi0811/video/7527997882792742152,POS
@.cocokem,Diá»…n nhiá»u quÃ¡ giá» cÆ°á»›i t tÆ°á»Ÿng Ä‘Ã¹a =))),80.0,https://www.tiktok.com/@haiduabangtuoi0811/video/7527997882792742152,POS
@emlinhoi_,"chá»‹ Æ¡iiii má»›i ngÃ y nÃ o xem 2ac á»Ÿ kÃªnh anh ToÃ n, á»Ÿ chung phÃ²ng trá» mÃ  giá» cÆ°á»›i rá»“iğŸ˜­ğŸ˜­ em ngÆ°á»¡ng má»™ láº¯m vÃ  chÃºc 2ac tháº­t háº¡nh phÃºc áº¡aaaağŸ’—ğŸ’—",6.0,https://www.tiktok.com/@haiduabangtuoi0811/video/7527997882792742152,POS
@phuong_thuy7178,Cho e há»i má»™t tÃ­ áº¡ lÃ  vk lÃ  hoÃ  táº¡i sao láº¡i in vÄƒn hoÃ  áº¡ ??? CÃ³ j sai sÃ³t ac bá» qua,4.0,https://www.tiktok.com/@haiduabangtuoi0811/video/7527997882792742152,POS
@thphungg_136,Ä‚n cÆ°á»›i onl mÃ  háº¡nh phÃºc quÃ¡ anh chá»‹ oiii,2.0,https://www.tiktok.com/@haiduabangtuoi0811/video/7527997882792742152,POS
@nhinphatghet,nhÃ¬n giá»‘ng Ä‘Ã¡m cÆ°á»›i ngÃ y xÆ°a Ä‘áº¹p quÃ¡,1.0,https://www.tiktok.com/@haiduabangtuoi0811/video/7527997882792742152,POS
@cuniu1809,ChÃºc anh chá»‹ trÄƒm nÄƒm háº¡nh phÃºc nhÃ³ . Huhu QuÃ½ achi láº¯m xem vd tá»« 2 nÄƒm trÆ°á»›c giá» achi cÆ°á»›i rá»“i huhu,5.0,https://www.tiktok.com/@haiduabangtuoi0811/video/7527997882792742152,POS
@benangchoichang,dá»… thÆ°Æ¡ng quÃ¡,1.0,https://www.tiktok.com/@haiduabangtuoi0811/video/7527997882792742152,POS
@minh.hang.le6,Ä‘Ã£ quÃ¡ ac Æ¡i,5.0,https://www.tiktok.com/@haiduabangtuoi0811/video/7527997882792742152,POS
@trngngha8563,YÃªu tháº¿ ğŸ¥°,1.0,https://www.tiktok.com/@haiduabangtuoi0811/video/7527997882792742152,POS
@user3417073508541,cuá»‘i cÃ¹ng cáº·p nÃ y cÅ©ng cÆ°á»›iğŸ¥°ğŸ¥°..,1.0,https://www.tiktok.com/@haiduabangtuoi0811/video/7527997882792742152,POS
@tuwuen_,"Báº¡n nÃ y 38kg mÃ  nhÃ¬n khÃ´ng bá»‹ gáº§y nhá»‰, tui cÅ©ng 38 cao m55 mÃ  nhÃ¬n gáº§y dÃ£ man",595.0,https://www.tiktok.com/@tranghieu0211/video/7530143326398434578,POS
@_th.ii_,má»‡t ngang táº­p thá»ƒ dá»¥c luÃ´n chá»‹ nhá»‰=))),9031.0,https://www.tiktok.com/@tranghieu0211/video/7530143326398434578,NEG
@vevecute5,XÄ©u mÃ  khÃºc cuá»‘i pháº£i tá»± dÃ¹ng sá»©c Ä‘á»ƒ leo lÃªn luÃ´n Ã¡ :))),4270.0,https://www.tiktok.com/@tranghieu0211/video/7530143326398434578,POS
@thanhthank_,NghÄ© cáº£nh áº£nh say rÆ°á»£u thÃ¬ cÃ³ váº» ngÆ°á»i khá»• lÃ  áº£nh rá»“i,2185.0,https://www.tiktok.com/@tranghieu0211/video/7530143326398434578,NEG
@tuidinguruii,Báº£ Ä‘á»©ng vá»›i á»•ng nhÃ¬n nhÆ° con kiáº¿n Ã½ bÃ© xÃ­u xiu,3869.0,https://www.tiktok.com/@tranghieu0211/video/7530143326398434578,NEG
@cc.ct.i.a,sao ko chia tá»«ng khÃºc ra cho dá»… bÆ°ng hÃ£ bÃ ,1397.0,https://www.tiktok.com/@tranghieu0211/video/7530143326398434578,NEG
@nguyenthuy_dung4,Trá»i oii cá»• cÃ²n unc tiáº¿p sá»©c ná»¯a chá»©,2219.0,https://www.tiktok.com/@tranghieu0211/video/7530143326398434578,POS
@29thang.hai,TÃ´i cáº§n cÃ´ng nghá»‡ var vÃ o cuá»™c ğŸ—¿,1244.0,https://www.tiktok.com/@tranghieu0211/video/7530143326398434578,POS
@_kieutran_0304,bÃ  Chang lÃ m Ã´ng HÃ­u hÃ i z tr,1.0,https://www.tiktok.com/@tranghieu0211/video/7530143326398434578,POS
@tetote.official,Chang láº¥y gá»‘i cho Hiáº¿u náº±m dÆ°á»›i sÃ n lÃ  ok,14.0,https://www.tiktok.com/@tranghieu0211/video/7530143326398434578,POS
@ngnan2529,"nhÆ° seon jae vÆ¡i im sol Ã½, iu dÃ£ mann.",39.0,https://www.tiktok.com/@tranghieu0211/video/7530143326398434578,POS
@pt_1806_,mÃ¡ nhÃ¬n báº£ nhá» con loay hoay vá»›i á»•ng nhÃ¬n hÃ i ğŸ¤£,65.0,https://www.tiktok.com/@tranghieu0211/video/7530143326398434578,POS
@xuanhonq_06,e xin link Ä‘á»“ ngá»§ cá»§a c vá»›i áº¡aaa ğŸ¥°,9.0,https://www.tiktok.com/@tranghieu0211/video/7530143326398434578,POS
@shusi_cte,phÃ©t 38kg ngÆ°á»i nhÆ° nÃ y cháº¯c 48kg thÃ¬ cÃ³,3.0,https://www.tiktok.com/@tranghieu0211/video/7530143326398434578,NEG
@thamvongkte,á»”ng báº£ cá»© váº­y lÃ  t chá»‹u kh ná»•i,4.0,https://www.tiktok.com/@tranghieu0211/video/7530143326398434578,NEG
@hgiangg_210_,xin in4 Ä‘á»“ ngá»§ cá»§a chá»‹ áº¡,12.0,https://www.tiktok.com/@tranghieu0211/video/7530143326398434578,NEU
@g_hg_71,cÃ²n cÆ°á»i lÃ  cÃ²n khá»• ğŸ˜Œ,9.0,https://www.tiktok.com/@tranghieu0211/video/7530143326398434578,NEU
@gnouhp224,ngÆ°á»i tá»‘n 2 giÃ¢y ngÆ°á»i tá»‘n 2 tiáº¿ng =))),424.0,https://www.tiktok.com/@tranghieu0211/video/7530143326398434578,NEG
@huucopdz09,giáº¥u xÃ¡c khÃ³ láº¯m,10.0,https://www.tiktok.com/@tranghieu0211/video/7530143326398434578,POS
@_ynlstnaw,CÃ¢n náº·ng cá»§a t vá»›i báº¡n cÃ¹ng bÃ n nÄƒm c3 cÅ©ng i chang Ä‘Ã´i nÃ¬,1.0,https://www.tiktok.com/@tranghieu0211/video/7530143326398434578,POS
@hong.trng724,Báº£o sao con gÃ¡i dá»… giáº§u ğŸ¤£,0.0,https://www.tiktok.com/@rns.tw/video/7528668876662443320,POS
@nhat.huy486,HappyğŸ¥°,0.0,https://www.tiktok.com/@rns.tw/video/7528668876662443320,POS
@edwin.condino,sana all,0.0,https://www.tiktok.com/@rns.tw/video/7528668876662443320,POS
@user5561542678338,rá»“i sau ai láº¥p Ä‘c khoáº£ng trá»‘ng Ä‘Ã³ cho em,0.0,https://www.tiktok.com/@rns.tw/video/7528668876662443320,NEU
@lethanh9630,HÆ¡i thá»‘n,0.0,https://www.tiktok.com/@rns.tw/video/7528668876662443320,POS
@thuong.nguyn.van,vn tuy nho nhung gan,0.0,https://www.tiktok.com/@rns.tw/video/7528668876662443320,POS
@vudung6419,Ai Viá»‡t Nam thÃ¬ tim,27.0,https://www.tiktok.com/@rns.tw/video/7528668876662443320,POS
@hoanokhongmau21,Äáº¹p,0.0,https://www.tiktok.com/@rns.tw/video/7528668876662443320,POS
@locbarcelona,xih wa ne e ğŸ¥°ğŸŒ¹,0.0,https://www.tiktok.com/@rns.tw/video/7528668876662443320,POS
@thanhdat18082003,ngÃ¢n hÃ ng 2chanbank rá»“i,0.0,https://www.tiktok.com/@rns.tw/video/7528668876662443320,NEU
@kenlong79_nt.84,mong sao anh áº¥y sáº½ yÃªu cÃ´ áº¥y trá»n Ä‘á»i. VÃ¬ khi 2 ngÆ°á»i khÃ´ng cÃ²n á»Ÿ bÃªn nhau ná»¯a sáº½ khÃ³ cÃ³ ngÆ°á»i nÃ o láº¥p Ä‘áº§y khá»ang trá»‘ng Ä‘áº¥y! ğŸ˜…,20.0,https://www.tiktok.com/@rns.tw/video/7528668876662443320,POS
@promanguyen,CÃ³ 1 tháº¯c máº¯c,0.0,https://www.tiktok.com/@rns.tw/video/7528668876662443320,POS
@quyet08,Phá»¥ ná»¯ viá»‡t nam tháº­t máº¡nh máº½,0.0,https://www.tiktok.com/@rns.tw/video/7528668876662443320,POS
@huynh43tym,cá»©u tui,0.0,https://www.tiktok.com/@rns.tw/video/7528668876662443320,POS
@viendang2511,Cuá»‘i cÃ¹ng cÅ©ng tháº¥y Ä‘Æ°á»£c tiktok cá»§a emğŸ¥°,0.0,https://www.tiktok.com/@rns.tw/video/7528668876662443320,POS
@user5324196240118,mÅ© lÆ°á»¡i ğŸ˜›,0.0,https://www.tiktok.com/@rns.tw/video/7528668876662443320,POS
@dy1sb01v6u37,cháº¯c tÃ´i ruá»™t,0.0,https://www.tiktok.com/@rns.tw/video/7528668876662443320,POS
@tokthasking,"leak coi báº£ bth, thua vn",0.0,https://www.tiktok.com/@rns.tw/video/7528668876662443320,POS
@MS4wLjABAAAApwtOP3phNLZTKd_sW9m0bcZfzdY6iQMx1UNF-WfCdqS0Lb9xCI5unEi8TzL53Hvf,trai TÃ¢y gÃ¡i viá»‡t,0.0,https://www.tiktok.com/@rns.tw/video/7528668876662443320,NEG
@leetruong158,vá»£ tao há»i. sao cÃ³ bÃ i nháº¡c cá»© nghe tá»›i nghe lÃ¹i hoÃ i jajğŸ˜‚ğŸ˜‚ğŸ˜‚,6.0,https://www.tiktok.com/@rns.tw/video/7528668876662443320,POS
@chihuynhs,tÆ°á»Ÿng chá»‰ cÃ³ trÃªn hen ğŸ˜­,0.0,https://www.tiktok.com/@huangtggq69/video/7528669711551204613,NEU
@kytfamily2020,thÃ­ch cÃ¡i cÃ¡ch chÃº xin lá»—i,0.0,https://www.tiktok.com/@huangtggq69/video/7528669711551204613,POS
@kiu.lena1,SÆ°á»›ng qua khÃ³c,287.0,https://www.tiktok.com/@huangtggq69/video/7528669711551204613,NEG
@xtoomoneypower,âœ¨ğŸ’¯money ğŸ’µ powers ğŸ˜…âœ¨,0.0,https://www.tiktok.com/@huangtggq69/video/7528669711551204613,POS
@than.lac.loi,CÃ¡i giÃ¡ cá»§a Ä‘á»“ng tiá»n,0.0,https://www.tiktok.com/@huangtggq69/video/7528669711551204613,NEU
@sieg...hart,money talkğŸ™,1.0,https://www.tiktok.com/@huangtggq69/video/7528669711551204613,NEU
@luminary1230,cant read the language may some one please explain,22.0,https://www.tiktok.com/@huangtggq69/video/7528669711551204613,NEG
@luc.vo034,tÃ¬m háº¿t Ä‘áº§u gá»‘i,0.0,https://www.tiktok.com/@huangtggq69/video/7528669711551204613,NEG
@hieuprenn1993,ng ta sorry thÃ nh Ã½ tháº¿ mÃ  ğŸ˜‚ğŸ˜‚ğŸ˜‚,0.0,https://www.tiktok.com/@huangtggq69/video/7528669711551204613,POS
@hoangtrieutan,sorry:),0.0,https://www.tiktok.com/@huangtggq69/video/7528669711551204613,NEU
@thuykieu_1306,GÃ¬ z tr,0.0,https://www.tiktok.com/@huangtggq69/video/7528669711551204613,POS
@lolox6102,quedÃ© [nhÃ£n dÃ¡n],0.0,https://www.tiktok.com/@huangtggq69/video/7528669711551204613,NEU
@bhtndh_,tim t gá»­i tá»«ng Ä‘á»©a,3.0,https://www.tiktok.com/@huangtggq69/video/7528669711551204613,POS
@khun.thnie.tunake,ğŸ˜†ğŸ˜†good,0.0,https://www.tiktok.com/@huangtggq69/video/7528669711551204613,POS
@kaoruko.waguri..0,[nhÃ£n dÃ¡n],99.0,https://www.tiktok.com/@huangtggq69/video/7528669711551204613,NEU
@zeen4160,money power,444.0,https://www.tiktok.com/@huangtggq69/video/7528669711551204613,NEU
@ermik705,Ä‘á»©a nÃ o giáº£i thÃ­ch Ä‘i chá»© ko hiá»ƒu ğŸ˜…,39.0,https://www.tiktok.com/@huangtggq69/video/7528669711551204613,POS
@nguyenhuyk2011,cÃ¡i app X lÃ  gÃ¬ v,14.0,https://www.tiktok.com/@huangtggq69/video/7528669711551204613,POS
@wendeldeniega123,easy,0.0,https://www.tiktok.com/@huangtggq69/video/7528669711551204613,POS
@dieuanh_1608,ChÃº bá»™ Ä‘á»™i lÃ  nyc chÃº rá»ƒ nha kh pháº£i nyc cÃ´ dÃ¢u Ä‘Ã¢u máº¥y nÃ­ğŸ¤¡,2342.0,https://www.tiktok.com/@dieuanh_1608/video/7526800901093313800,POS
@meboylove80,trong khi cÃ´ dÃ¢u Ä‘ang lau nÆ°á»›c máº¯t thÃ¬ chÃº rá»ƒ Ä‘ang Ä‘Ã¡nh pháº¥n,486.0,https://www.tiktok.com/@dieuanh_1608/video/7526800901093313800,POS
@user158643714satusbuon,nhÃ¬n mÃ  thÆ°Æ¡ng nhá»¯ng ngÆ°á»i e trai,0.0,https://www.tiktok.com/@dieuanh_1608/video/7526800901093313800,POS
@hhtnhd9920,Ã”ng kia: ÄÃ¡ng nháº½ ngÆ°á»i máº·c vÃ¡y pháº£i lÃ  mÃ¬nh khÃ´ng pháº£i áº£ ta ğŸ¤¡,1882.0,https://www.tiktok.com/@dieuanh_1608/video/7526800901093313800,POS
@tqd29,"Ä‘á»“ng hÆ°Æ¡ng VÄ©nh PhÃºc kk,Ä‘Ã¡m cÆ°á»›i sáº¯p Ä‘áº» luÃ´n rá»“i giá» má»›i edition Ä‘Ãª Ä‘Äƒng Ã  cÃ´ dÃ¢u ğŸ˜‚",0.0,https://www.tiktok.com/@dieuanh_1608/video/7526800901093313800,POS
@_n.quynh_2802,tuyá»‡t Ä‘á»‘i Ä‘iá»‡n áº£nh,0.0,https://www.tiktok.com/@dieuanh_1608/video/7526800901093313800,POS
@nnnqoca,lÃ m nguoi ta hieu lamâ˜ºï¸,0.0,https://www.tiktok.com/@dieuanh_1608/video/7526800901093313800,POS
@hoai18cm,Tháº¿ vk Ã´ng chÃº rá»ƒ kia láº¡i nhá»‹n Ã  ğŸ˜‚ğŸ˜‚ğŸ˜‚ğŸ˜‚,0.0,https://www.tiktok.com/@dieuanh_1608/video/7526800901093313800,POS
@hieuu_nguye,TÃ¡c phong kia máº¥t hÃ¬nh áº£nh quÃ¢n nhÃ¢n quÃ¡ğŸ˜”,69.0,https://www.tiktok.com/@dieuanh_1608/video/7526800901093313800,POS
@lothanhbien94,2nÄƒm nghÄ©a vá»¥ em lÃ  cÃ´ dÃ¢u ng ta ğŸ˜‚,1.0,https://www.tiktok.com/@dieuanh_1608/video/7526800901093313800,POS
@henry28792,GhÃ©p quáº£ nháº¡c Ä‘á»‰nh vÃ£i.KhÃºc cÃ´ dÃ¢u mÃ  quÃ¡ xÃºc Ä‘á»™ng,0.0,https://www.tiktok.com/@dieuanh_1608/video/7526800901093313800,POS
@dinhgiang7503,Em QuÃ¢n lÃ  em trai chÃº rá»ƒ háº£ ? Cáº§u vai láº¡ quÃ¡ ğŸ˜‚,3.0,https://www.tiktok.com/@dieuanh_1608/video/7526800901093313800,POS
@tuntun160199,CÃ¡i ná»n chÃº rá»ƒ ğŸ˜…,0.0,https://www.tiktok.com/@dieuanh_1608/video/7526800901093313800,POS
@huyenlam789,Ä‘Ã¡nh pháº¥n ko Ä‘Ã¡nh ghenğŸ¤£,0.0,https://www.tiktok.com/@dieuanh_1608/video/7526800901093313800,POS
@anhtuanvu1709,TÃ´i Ä‘ang tháº¯c máº·c CÃ´ dÃ¢u Ä‘ang nghÄ© gÃ¬ khi nyc cá»§a chá»“ng lÃ  1 anh bá»™ Ä‘á»™i.,0.0,https://www.tiktok.com/@dieuanh_1608/video/7526800901093313800,NEG
@maivanchinh2,chÃº bá»™ Ä‘á»™i lÃºc nháº­n thiá»‡p vui láº¯m ğŸ˜‚,0.0,https://www.tiktok.com/@dieuanh_1608/video/7526800901093313800,POS
@kevuotnghichcanh,máº¥y Ã´ng kiá»ƒm soÃ¡t Qs tháº¥y thÃ¬,0.0,https://www.tiktok.com/@dieuanh_1608/video/7526800901093313800,NEG
@son_gioong,Há»c viÃªn sq mÃ©o gÃ¬ máº·c sai tÃ¡c phong váº­yğŸ˜…,8.0,https://www.tiktok.com/@dieuanh_1608/video/7526800901093313800,POS
@embehocdieuduonggg,cÃ´ dÃ¢u Æ¡i em cáº§n lá»i giáº£i thÃ­ch chá»© Ä‘á»c cmt cÃ´ dÃ¢u em bá»‹ báº¥t ngá»ğŸ™‚,0.0,https://www.tiktok.com/@dieuanh_1608/video/7526800901093313800,POS
@3thanq6_,NgÃ´ ÄÃ¬nh NamğŸ¥€,10.0,https://www.tiktok.com/@ciin/video/7528810602488286481,POS
@nga112208,like cÃ¡i tiá»n vÃ´ nhÆ° nÆ°á»›c ğŸ’°ğŸ’°ğŸ’°,804.0,https://www.tiktok.com/@ciin/video/7528810602488286481,POS
@hocielts10.0,Rep Ä‘á»ƒ ba máº¹ trÃºng sá»‘ ğŸ€,753.0,https://www.tiktok.com/@ciin/video/7528810602488286481,POS
@lhdieu,Ai dÃ¡m báº¿ chá»‹ Ä‘Ã³ ??????,746.0,https://www.tiktok.com/@ciin/video/7528810602488286481,POS
@emyeuanhh0612,báº£ Ä‘Äƒng sá»›m ghÃªğŸ—¿,1.0,https://www.tiktok.com/@ciin/video/7528810602488286481,NEG
@_yenanie2207200000,Äoáº¡n há»›t tÃ³c t sá»£ nhağŸ˜†,847.0,https://www.tiktok.com/@ciin/video/7528810602488286481,POS
@ghet_toan0,lÃºc háº¥t tÃ³c t ná»•i da gÃ ğŸ¥°,56.0,https://www.tiktok.com/@ciin/video/7528810602488286481,POS
@enticey2708,Tá»•ng tÃ i vÃ  cÃ´ vá»£ nhá» cá»§a anh áº¥yğŸŒ·,0.0,https://www.tiktok.com/@ciin/video/7528810602488286481,POS
@o_day_chi_co_ciin,á»•ng tinh táº¿ che cho cá»• ğŸ˜˜ğŸ˜˜,344.0,https://www.tiktok.com/@ciin/video/7528810602488286481,POS
@baoanacfk1t,ai á»Ÿ Ä‘Ã¢y trÆ°á»›c 10k tim,293.0,https://www.tiktok.com/@ciin/video/7528810602488286481,POS
@conangmattron,Xin in4 set Ä‘á»“ cá»§a chá»‹ cinn áº¡,6.0,https://www.tiktok.com/@ciin/video/7528810602488286481,NEU
@thuynlun,Xin in4 sÃ©t,3.0,https://www.tiktok.com/@ciin/video/7528810602488286481,NEU
@ddanhthu,Xin in4 vÃ¡y bÃ  cin,2.0,https://www.tiktok.com/@ciin/video/7528810602488286481,POS
@huynhthao237,Tha thiáº¿t tÃ¬m Ä‘Æ°á»£c cáº£ set báº£ máº·c vá»›i áº¡ ğŸ¥º,2.0,https://www.tiktok.com/@ciin/video/7528810602488286481,POS
@thuy2leba,muá»‘n bl nhÆ°ng cháº£ bt cmt dá»ğŸ˜…â˜ºï¸ğŸ˜š,1.0,https://www.tiktok.com/@ciin/video/7528810602488286481,POS
@mquann_1950,KhÃºc Ä‘áº§u tÆ°á»Ÿng VÄƒn Hiá»‡n ğŸ™ƒ,13.0,https://www.tiktok.com/@ciin/video/7528810602488286481,POS
@mieomieoo,vÃ¡y nÃ y mua Ä‘Ã¢u mn,4.0,https://www.tiktok.com/@ciin/video/7528810602488286481,POS
@hoaixinhgai3,Xin in4 vÃ¡y áº¡,2.0,https://www.tiktok.com/@ciin/video/7528810602488286481,NEU
@onlyphan152,á»§a em nhá»› anh Gavin Ä‘Ã¢u cÃ³ cao du váº­y Ä‘Ã¢u,0.0,https://www.tiktok.com/@ciin/video/7528810602488286481,POS
@hunhnhu93,Xin linh vÃ¡y cá»§a cin Ä‘i áº¡,2.0,https://www.tiktok.com/@ciin/video/7528810602488286481,POS
@bobapkhoai96,NhÃ¬n cÃ³ chÃ¡n khÃ´ng,4550.0,https://www.tiktok.com/@thomanh1993/video/7525796320473353528,NEG
@thu_hong_47,Gd ngta k Ã½ kiáº¿n máº¥y mÃ¡ Ã½ kiáº¿n chi dğŸ˜‘ğŸ˜‘,3012.0,https://www.tiktok.com/@thomanh1993/video/7525796320473353528,NEG
@hi.ba.ng2,Lá»‡ch chuáº©n xÃ£ há»™i láº¡i vÃ´ tÃ¬nh trá»Ÿ thÃ nh tiÃªu chuáº©n cá»§a giá»›i tráº» ğŸ˜³,156.0,https://www.tiktok.com/@thomanh1993/video/7525796320473353528,POS
@pbw_20421,T tháº¥y giá»›i tÃ­nh thá»© 3 cÃ³ sao Ä‘Ã¢u?háº¡nh phÃºc lÃ  Ä‘Æ°á»£c mÃ =),72.0,https://www.tiktok.com/@thomanh1993/video/7525796320473353528,POS
@unboxcungminhnho,Ãª tÃ­nh ra máº¥y cmt toxic trg Ä‘Ã¢y toÃ n máº¥y cha máº¥y chÃº k haa,429.0,https://www.tiktok.com/@thomanh1993/video/7525796320473353528,NEG
@thuongduong78,Chá»‹u ko hiá»ƒu cÃ¡i tháº¿ giá»›i thá»© 3 nÃ³ lÃ  kiá»ƒu ji,1043.0,https://www.tiktok.com/@thomanh1993/video/7525796320473353528,NEG
@nhim02104,Thá»i Ä‘áº¡i nÃ o mÃ  Ä‘á»c nhá»¯ng cmt chÃ¡n ghÃªğŸ˜…,17.0,https://www.tiktok.com/@thomanh1993/video/7525796320473353528,POS
@trung_99995,káº¿t thÃºc 1 gia tá»™c . Ä‘á»©ng trÆ°á»›c cÃ¡c cá»¥ vÃ¡i cÃ¡c cá»¥ cÅ©ng ko cháº¥p nháº­n Ä‘Æ°á»£c,473.0,https://www.tiktok.com/@thomanh1993/video/7525796320473353528,NEG
@ailien768,hÃ£y lm Ä‘iá»u mÃ¬nh thich. tai sao lai phai de Ã½ nguoi khac noi gÃ¬,363.0,https://www.tiktok.com/@thomanh1993/video/7525796320473353528,NEG
@tranhnghethuat95,XÃ£ há»™i nÃ y loáº¡n r,7.0,https://www.tiktok.com/@thomanh1993/video/7525796320473353528,POS
@nlad3107ne,Ä‘á»c cmt ngang á»Ÿ thá»i nguyÃªn thá»§yğŸ¥°ğŸ˜‡,1403.0,https://www.tiktok.com/@thomanh1993/video/7525796320473353528,POS
@nguynthanhthuy8,á»§a hai phá»¥ ná»¯ cuoi nhau áº¡,19.0,https://www.tiktok.com/@thomanh1993/video/7525796320473353528,POS
@khanhquynh_87,ko hiÃªu Ã´m áº­p nhau kiá»ƒu gÃ¬,16.0,https://www.tiktok.com/@thomanh1993/video/7525796320473353528,NEG
@luutrunghiep,Gia Ä‘Ã¬nh 2 bÃªn Ä‘au Ä‘áº§u láº¯m nhÆ°ng cá»‘ no cho xong thÃ´i. Lá»‡ch láº¡c thuáº§n phong mÄ© tá»¥cğŸ˜‚. Nhiá»u Ä‘á»©a tÆ°á»Ÿng tháº¿ lÃ  hay láº¡i Ä‘i á»§ng há»™ğŸ˜‚,6.0,https://www.tiktok.com/@thomanh1993/video/7525796320473353528,POS
@cuong_socson9x,bá»‘ máº¹ 2 bÃªn cÅ©ng nhÆ° há» hÃ ng ko cÆ°á»i ná»•i ! thÃ´i Ä‘Ã nh,4.0,https://www.tiktok.com/@thomanh1993/video/7525796320473353528,POS
@duongtocdo04061996,Chá»© nhÆ° tháº¿ nÃ y báº£o sao Ä‘Ã n Ã´ng tá»›i tuá»•i láº¥y vk áº¿ sáº¡ch,5.0,https://www.tiktok.com/@thomanh1993/video/7525796320473353528,NEG
@hanguyen8959,vk cÅ© cá»§a tui giá» cÅ©ng Ä‘ang yÃªu 1 Ä‘á»©a con gÃ¡i khÃ¡c .haiz.táº¡i sao lÃºc chÆ°a cÆ°á»›i sao k nÃ³i ra .chá»© Ä‘á»ƒ rÆ¡i pháº£i há»‘i háº­n,14.0,https://www.tiktok.com/@thomanh1993/video/7525796320473353528,POS
@v.hnh.uyn,chá»‰ cÃ³ phá»¥ ná»¯ má»›i mang láº¡i cho nhau háº¡nh phÃºc mÃ  thÃ´i ğŸ¥°ğŸ¥°ğŸ¥°,4.0,https://www.tiktok.com/@thomanh1993/video/7525796320473353528,POS
@kimchi0989,GÄ‘ ng ta máº¯c gÃ¬ tá»¥i b bÃ n tÃ¡n ai mÆ°á»£n,64.0,https://www.tiktok.com/@thomanh1993/video/7525796320473353528,POS
@kittyy_yeuanh00,th. an trá»‘n lÃªn nÃºi á»Ÿ,29700.0,https://www.tiktok.com/@odaycotrendbymznews/video/7527544826481364242,POS
@leelee_1236,Cháº¯c lÃ m nghá» khÃ³ nÃ³i ğŸ¤­,14600.0,https://www.tiktok.com/@odaycotrendbymznews/video/7527544826481364242,POS
@ig_trienzz4,thiÃªn an Ä‘á»•i tÃªn r:(,3742.0,https://www.tiktok.com/@odaycotrendbymznews/video/7527544826481364242,POS
@linhhdann.8488,"Ngta lÃªn há»p bÃ¡o, rá»“i Ä‘áº¿n PL, mÃ  bÃ¢y nÃ³i báº±ng chá»©ng giáº£ lÃ  sao, cÃ³ bá»‹ khÃ¹ng Ä‘Ã¢u mÃ  lÃ m giáº£ rá»“i Ä‘em lÃªn, nÃ³i máº¥y Ä‘á»©a anti ngu thÃ¬ nÃ³ giÃ£y lÃªn, bá»‹ bÃ  kia dáº¯t cÃ²n hÆ¡n bÃ² ná»¯a mÃ  váº«n chÆ°a tá»‰nh ngá»™ ra, con ngÆ°á»i kh muá»‘n lÃ m cá»© thÃ­ch lÃ m bÃ² váº­y? ÄÃ²i báº±ng chá»©ng, tin nháº¯n ngta Ä‘Æ°a ra thÃ¬ nÃ³i lÃ  giáº£ bá»™ Ä‘áº§u Ã³c tá»¥i bÃ¢y chá»‰ cÃ³ tháº¿ thÃ´i háº£, ngu ngá»‘c mÃ  tÆ°á»Ÿng mÃ¬nh hay ğŸ¤¡ğŸ¤¡",3337.0,https://www.tiktok.com/@odaycotrendbymznews/video/7527544826481364242,NEG
@minhinhunh,Tim ğŸ’– Ä‘á»ƒ ba máº¹ khÃ´ng máº¥t ğŸ¥°,1562.0,https://www.tiktok.com/@odaycotrendbymznews/video/7527544826481364242,POS
@thamthe18,ThiÃªn an Ä‘Ã£ tá»«ng cÃ³ con vÃ  cÅ©ng Ã¡p dá»¥ng cÃ¡ch Ä‘Ã³ Ä‘Ã²i nhÃ  xe cÃ¡c kiá»ƒu cá»§a Ã´ng nyc â€¦sau khi báº¥t báº¡i thÃ¬ giá» quay qua Ã¡p dá»¥ng vá»›i jack â€¦Ä‘Ã³ lÃ  Ä‘iá»u áº©n cá»§a máº¹ jack muá»‘n nÃ³i,5470.0,https://www.tiktok.com/@odaycotrendbymznews/video/7527544826481364242,NEG
@thochuptayninh,Ai fan jack thÃ¬ tim ğŸ˜‡â¤ï¸,8539.0,https://www.tiktok.com/@odaycotrendbymznews/video/7527544826481364242,POS
@babyaf1_,tá»­ táº¿ lamj vs háº¡ng ng Ä‘Ã³ tr=)),9825.0,https://www.tiktok.com/@odaycotrendbymznews/video/7527544826481364242,POS
@81.1998,ÄoÃ n chá»­i Jack mÃ¬nh di chuyá»ƒn lÃªn nÃºi nha ğŸ¤£,7453.0,https://www.tiktok.com/@odaycotrendbymznews/video/7527544826481364242,POS
@pandalala0504,vÃ o chÃ¹a k biet láº¡y ai lun Ã¡ğŸ˜Œ,5542.0,https://www.tiktok.com/@odaycotrendbymznews/video/7527544826481364242,POS
@kng.anhk,cháº¯c lÃ  cÃ³ 1 Ä‘á»i chá»“ng vá»›i 1 ebe khÃ¡c,7215.0,https://www.tiktok.com/@odaycotrendbymznews/video/7527544826481364242,POS
@@lancuoi13,khá»Ÿi nghÄ©a Ä‘Ã³m Ä‘Ã³m chiáº¿n dá»‹ch toÃ n tháº¯ngğŸ—¿,1054.0,https://www.tiktok.com/@odaycotrendbymznews/video/7527544826481364242,POS
@t..7722,Qa bÃªn Tráº§n HÃ  Linh Ä‘Ã­nh chÃ­nh mÃ  tháº¥y bÃ  nÃ y lÃªn nÃºi Ä‘c r,4935.0,https://www.tiktok.com/@cl.socialbiz/video/7529015168223743240,POS
@tenlaginhi3,HÃ£y xem cÃ¡ch cÃ´ Tráº§n HÃ  Linh Ä‘i lÃªn báº±ng gÃ¬ mÃ  cÃ¡c brands book Ä‘c cx ná»ƒ,241.0,https://www.tiktok.com/@cl.socialbiz/video/7529015168223743240,POS
@anthony.muu,phá»‘t nhau pr sáº£n pháº©m má»›i thÃ´i ae tá»‰nh lÃªn,1222.0,https://www.tiktok.com/@cl.socialbiz/video/7529015168223743240,NEU
@vantrong200001,TÃ i nÄƒng thl lÃ  gÃ¬ váº­y ae,799.0,https://www.tiktok.com/@cl.socialbiz/video/7529015168223743240,POS
@tuntuntunshahua,ÃŠ t chá»‰ tháº¯c máº¯c lÃ  b HL kia vá»›i b nÃ y cÃ³ quay chung vá»›i nhau k. Hay hai ng quay riÃªng viá»‡c ai náº¥y lÃ m?,0.0,https://www.tiktok.com/@cl.socialbiz/video/7529015168223743240,NEG
@trang.miuu11,NhÃ£n hÃ ng báº£o má»i báº¡n áº¥y lÃºc 1h vÃ  báº¡n áº¥y Ä‘áº¿n lÃºc 12h30 r nha chá»© k pháº£i chá»‹ má»i báº¡n yk cÅ©ng k pháº£i chá»‹ tráº£ tiá»n báº¡n Ã½ sao báº¡n Ã½ pháº£i vÃ¬ chá»‹ mÃ  Ä‘i sá»›m áº¡,7.0,https://www.tiktok.com/@cl.socialbiz/video/7529015168223743240,NEG
@vy.ng43,Rá»“i Ä‘oÃ n mÃ¬nh chuyá»ƒn lÃªn nÃºi giÃºp em áº¡,18.0,https://www.tiktok.com/@cl.socialbiz/video/7529015168223743240,POS
@chun100723,Báº£n cháº¥t con ngÆ°á»i thÃ¬ ko bgio thay Ä‘á»•i.,108.0,https://www.tiktok.com/@cl.socialbiz/video/7529015168223743240,POS
@azdxje15,CÃ³ Äƒn cÃ³ há»c Ä‘Ã¢u mÃ  mong Ä‘á»£i gÃ¬,36.0,https://www.tiktok.com/@cl.socialbiz/video/7529015168223743240,POS
@jing.01.jing,NÃ³ tung tin nháº¯n lÃºc nhÃ£n hÃ ng má»i chÃ o thÃ¬ tÃ´i tin. CÃ²n tin nháº¯n nÃ y lÃ  sau khi bá»‹ phá»‘t vÃ  sá»± viá»‡c Ä‘Ã£ xáº£y ra thÃ¬ nhÃ£n hÃ ng muá»‘n bÃªnh ng ná»•i hÆ¡n thÃ¬ nháº¯n nhÆ° váº­y Ä‘á»ƒ bÃªnh vá»±c nÃ³ thÃ´i,161.0,https://www.tiktok.com/@cl.socialbiz/video/7529015168223743240,NEG
@unnie.nef,Táº¡i bÃ  cÃ³ thÃ nh kiáº¿n vá»›i THL Ã¡,183.0,https://www.tiktok.com/@cl.socialbiz/video/7529015168223743240,POS
@phamquyen6608,NÃ³i chung bÃ  nÃ y xem trÃªn timeline THL sáº½ Ä‘áº¿n lÃºc 10h. CÃ²n nhÃ£n hÃ ng nháº¯n THL 1h Ä‘áº¿n. Ai cÅ©ng cÃ³ Ã½ Ä‘Ãºng thÃ´i. Lá»—i lÃ  cá»§a bÃªn nhÃ£n hÃ ng lÃ m viá»‡c áº¥m á»›,28.0,https://www.tiktok.com/@cl.socialbiz/video/7529015168223743240,NEG
@tuanng_229,ThÃ´g cáº£m táº¡i cháº¯c sáº¯p ra p2,0.0,https://www.tiktok.com/@cl.socialbiz/video/7529015168223743240,NEU
@hongduong2314,Ã½ lÃ  do nhÃ£n hÃ ng nhÆ°ng bÃ  nÃ y láº¡i Ä‘i phá»‘t hÃ  Linh,71.0,https://www.tiktok.com/@cl.socialbiz/video/7529015168223743240,NEU
@wxcrz_2884_ilus,Tráº§n hÃ  linh nÃ o váº­y máº¥y bÃ  ğŸ˜­ t lÃªn thanh tÃ¬m kiáº¿m thÃ¬ tháº¥y má»—i bbi_cat9 mÃ  khÃ´ng biáº¿t cÃ³ pháº£i Ä‘Ãºng khÃ´ng,208.0,https://www.tiktok.com/@cl.socialbiz/video/7529015168223743240,POS
@quyn_hoa07,t má»›i xem báº£n gá»‘c bÃªn quyn_hoa07 mÃ  sá»‘c luÃ´n Ã¡,2.0,https://www.tiktok.com/@cl.socialbiz/video/7529015168223743240,POS
@unknown4528483,sao láº¡i book fá» hÃ² nhá»‰ :))) rá»“i lÃªn phá»‘t lÃ m gÃ¬ :)) fá» hÃ² nÃ³ cÃ²n báº­n tiáº¿p khÃ¡ch mÃ ,1.0,https://www.tiktok.com/@cl.socialbiz/video/7529015168223743240,NEG
@chon.li.nek.14,Rá»“i Ä‘oÃ n mÃ¬nh di chuyá»ƒn lÃªn nÃºi giÃºp nha,34.0,https://www.tiktok.com/@cl.socialbiz/video/7529015168223743240,POS
@_loveyourself162,tháº¥y vá»¥ phá»‘t gÃ¬ 10 Ä‘Ã´i lens ná»¯a mÃ  nÃ³ kh ná»•i láº¯m nhá»‰,71.0,https://www.tiktok.com/@cl.socialbiz/video/7529015168223743240,NEG
@diem.ney,"BÃ© Son cÆ°á»i y há»‡t vÃµ quá»‘c tuáº¥n, VQT cÅ©ng giá»‘ng J 90% luÃ´n mÃ ",4288.0,https://www.tiktok.com/@nhathaientertainment/video/7528251224852843793,POS
@vuasenxunghe,Táº¡i sao khÃ´ng Ä‘i xÃ©t nghiá»‡m ADN ???,528.0,https://www.tiktok.com/@nhathaientertainment/video/7528251224852843793,NEG
@phaichapnhanthoi,sao khÃ´ng Ä‘Æ°a Ä‘i xÃ©t nghiá»‡m cho nhanh nhá»‰ğŸ˜,683.0,https://www.tiktok.com/@nhathaientertainment/video/7528251224852843793,POS
@toi.la.tien.22.07,hÆ¡n cáº£ thÃ¡nh giÃ³ng,2435.0,https://www.tiktok.com/@nhathaientertainment/video/7528251224852843793,POS
@nelsonnelson6025,ChÆ°a cháº¯c con ruá»™t Ã´ng J,4446.0,https://www.tiktok.com/@nhathaientertainment/video/7528251224852843793,POS
@evango92,DNA lÃ  ra thÃ´i,6.0,https://www.tiktok.com/@nhathaientertainment/video/7528251224852843793,POS
@phanthanhthuy2602,Tui tháº¥y bÃ© sol giá»‘ng y chan Jack sinh con ko pháº£i lÃ  hoÃ ng toÃ n giá»‘ng cha cÅ©ng cos nÃ©t giá»‘ng máº¹ hoáº·c giá»‘ng ná»™i ngoáº¡i ná»¯a,0.0,https://www.tiktok.com/@nhathaientertainment/video/7528251224852843793,NEG
@myphammiso.com.vn,Bs tÃ­nh lÃ  Ä‘áº­u thai thÃ¡ng 7 nhe!,66.0,https://www.tiktok.com/@nhathaientertainment/video/7528251224852843793,POS
@quangg.1998,"Ai Ä‘Ãºng, ai sai? Báº£n xÃ©t nghiá»‡m ADN lÃ  Ä‘Ãºng ğŸ˜ğŸ˜",618.0,https://www.tiktok.com/@nhathaientertainment/video/7528251224852843793,POS
@uyenphuongpig,nhÃ¬u khi nÃ³i báº§u mÃ  chÆ°a cÃ³. qua nhÃ  á»Ÿ láº¡i má»›i cÃ³ Ãºp sá»t ğŸ˜‚ğŸ˜‚ğŸ˜‚,98.0,https://www.tiktok.com/@nhathaientertainment/video/7528251224852843793,POS
@emem.0605,cÃ³ thá»ƒ lÃ  con J nhÆ°ng mÃ  lÃºc bÃ¡o cÃ³ thai 5 thÃ¡ng lÃ  chÆ°a cÃ³ xong chuyá»ƒn vá» nhÃ  J má»›i gÃ i Ä‘á»ƒ cÃ³ thai,419.0,https://www.tiktok.com/@nhathaientertainment/video/7528251224852843793,NEG
@leem857,"TÃ´i Ä‘á» nghá»‹ bÃ  ThiÃªn An má»Ÿ cmt lÃªn liá»n cho chÃºng tÃ´i, chá»© t máº¯c nÃ³i láº¯m r",5264.0,https://www.tiktok.com/@nhathaientertainment/video/7528251224852843793,POS
@yangbi23568,bÃ© sol giá»‘ng jack nhÆ° Ä‘Ãºc.tÃ´i tháº¥y tháº¿,80.0,https://www.tiktok.com/@nhathaientertainment/video/7528251224852843793,NEG
@my.cn.g.tao.c,"CÃ£i nhau lÃ m gÃ¬ , khoa há»c pháº¯t triá»ƒn cá»© xÃ©t ngh lÃ  ra chá»© cÃ£i nhau lÃ m cÃ¡i gÃ¬?",57.0,https://www.tiktok.com/@nhathaientertainment/video/7528251224852843793,NEG
@bnh.minh.n3,tim Ä‘á»ƒ may máº¯nğŸ€ğŸ€,176.0,https://www.tiktok.com/@nhathaientertainment/video/7528251224852843793,POS
@hangnga9887,ğŸ¤£ T tháº¥y sol giá»‘ng máº¹ hÆ¡n . Jack máº¯t bÃ© tÃ­ ğŸ¤£ğŸ¤£,675.0,https://www.tiktok.com/@nhathaientertainment/video/7528251224852843793,POS
@shinigami562001,NhÃ¬n Ã´ng Hoa Æ¯u ÄÃ m -))) i nhÆ° ae song sinh vs Jack,78.0,https://www.tiktok.com/@nhathaientertainment/video/7528251224852843793,POS
@utcung456,ÄÃ´i máº¯t bÃ© sol nhÃ¬n giá»‘ng jack,18.0,https://www.tiktok.com/@nhathaientertainment/video/7528251224852843793,POS
@kocogidaunha_,sÃ¡ch ká»‰ lá»¥c Guinness nÃªn vÃ o cuá»™c ğŸ¤£ğŸ¤£,27.0,https://www.tiktok.com/@nhathaientertainment/video/7528251224852843793,POS
@quasimomuong,bá» mÅ© thÃ nh Ä‘iá»‡n mÃ¡y xanh,464.0,https://www.tiktok.com/@paramountpicturesvn/video/7526506075722419474,NEU
@cutihihihaha,Ä‘á»ƒ mÅ© lÃªn chÃºt lÃ  thÃ nh Megamind,0.0,https://www.tiktok.com/@paramountpicturesvn/video/7526506075722419474,NEG
@tamz.nhw_,xÃ¬ trum háº£=),0.0,https://www.tiktok.com/@paramountpicturesvn/video/7526506075722419474,POS
@bu.s.b.les,tÃ­ Ä‘Ã´ Ä‘Ã¢uğŸ˜,0.0,https://www.tiktok.com/@paramountpicturesvn/video/7526506075722419474,POS
@t.vn.t4123456789,Ä‘oÃ n xÃ¬ trum ğŸ˜,0.0,https://www.tiktok.com/@paramountpicturesvn/video/7526506075722419474,POS
@nganmaitrungcang,Rá»“i cÃ¡i mÃ u Ä‘Ã³ táº¯m ra khÃ´ng báº¡n ğŸ˜…,0.0,https://www.tiktok.com/@paramountpicturesvn/video/7526506075722419474,POS
@tuie_thuie,Ä‘iá»‡n mÃ¡y xanh Ä‘i Ä‘Ã¢u váº­y,0.0,https://www.tiktok.com/@paramountpicturesvn/video/7526506075722419474,NEU
@cungcacanh2,xÃ¬ xÃ¬ trum trum,0.0,https://www.tiktok.com/@paramountpicturesvn/video/7526506075722419474,POS
@hai_dak2911,cÃ³ tÃ­ Ä‘Ã´ ko áº¡,0.0,https://www.tiktok.com/@paramountpicturesvn/video/7526506075722419474,POS
@quynhanhh472,Bx gáº·p á»Ÿ metroo,0.0,https://www.tiktok.com/@paramountpicturesvn/video/7526506075722419474,POS
@echipuocmolamcongan,Ä‘áº¿n Ä‘iá»‡n mÃ¡y xanh ğŸ’™,0.0,https://www.tiktok.com/@paramountpicturesvn/video/7526506075722419474,POS
@changg_k,6 dau 6 don,0.0,https://www.tiktok.com/@paramountpicturesvn/video/7526506075722419474,NEU
@bnnn.hc.mc.lennn,""" Ãª mÃ y Æ¡i mÃ u nÃ y rá»­a khÃ´ng ra """,0.0,https://www.tiktok.com/@paramountpicturesvn/video/7526506075722419474,POS
@nguyenbichtrambd,tÃ­ cÃ´ nÆ°Æ¡ng,0.0,https://www.tiktok.com/@paramountpicturesvn/video/7526506075722419474,NEU
@quyettamhocgioi_,láº¡y há»“n,0.0,https://www.tiktok.com/@paramountpicturesvn/video/7526506075722419474,NEU
@bacblingbling3,skin vÄ©nh viá»…nğŸ˜ğŸ˜,0.0,https://www.tiktok.com/@paramountpicturesvn/video/7526506075722419474,POS
@kietchabo,cÃ¡i nÃ y lÃ m Ä‘c nhiá»u Viá»‡c láº¯m nha,0.0,https://www.tiktok.com/@paramountpicturesvn/video/7526506075722419474,POS
@c.h.u05,cho há»i máº¥y chá»‹ vá»«a quáº£ng cÃ¡o tá»« Ä‘iá»‡n mÃ¡y xanh háº£ ğŸ—¿,0.0,https://www.tiktok.com/@paramountpicturesvn/video/7526506075722419474,NEG
@minhnguyen_ne,Láº§n trc gáº·p á»Ÿ metro,0.0,https://www.tiktok.com/@paramountpicturesvn/video/7526506075722419474,POS
@tna180607,ko Ä‘á»c cap t tg Ä‘iá»‡n mÃ¡y xanh ko Ã¡:),0.0,https://www.tiktok.com/@paramountpicturesvn/video/7526506075722419474,POS
@chiyeuminhbi8,tokuda há»“i sinh Ã ğŸ¥°,107.0,https://www.tiktok.com/@marloumofficial/video/7521532029368847623,POS
@hcd__.team,tokuda phiÃªn báº£n viá»‡t háº£,0.0,https://www.tiktok.com/@marloumofficial/video/7521532029368847623,NEU
@.nhn.qu,Ä‘á»‘i thá»§ náº·ng cá»§a Quang HÃ¹ng MasterD,1373.0,https://www.tiktok.com/@marloumofficial/video/7521532029368847623,NEU
@.hnktvj.0,Tr oi tokuda phiÃªn báº£n Ä‘áº³ng cáº¥p ğŸ˜‚,613.0,https://www.tiktok.com/@marloumofficial/video/7521532029368847623,POS
@ily_suka,tokuda háº£ mÃ¡ ğŸ˜‡,83.0,https://www.tiktok.com/@marloumofficial/video/7521532029368847623,POS
@thay.doi_cach.song,Ãª chc má»—i t tháº¥y cuá»‘nğŸ˜Š,32.0,https://www.tiktok.com/@marloumofficial/video/7521532029368847623,POS
@_khanh_13.10,khÃ¡c tokuda má»—i cÃ¡i tÃªnğŸ˜‚,0.0,https://www.tiktok.com/@marloumofficial/video/7521532029368847623,POS
@phophongphu,ai cÃ³ nÃ­ch a3 ko gáº¯n cho a vÃ o xem ta nekğŸ˜‚,0.0,https://www.tiktok.com/@marloumofficial/video/7521532029368847623,POS
@chu3duy_ank,ÃŠ trong nhÃ  thá» luÃ´n háº£,51.0,https://www.tiktok.com/@marloumofficial/video/7521532029368847623,POS
@vvvvanly.ff,sao bÄƒÌ€ng oppa huy idol Ä‘c,0.0,https://www.tiktok.com/@marloumofficial/video/7521532029368847623,POS
@be_kho_hocmon_,TÃ´i muá»‘n xin trÃªn nháº¡c,12.0,https://www.tiktok.com/@marloumofficial/video/7521532029368847623,POS
@hng.ny_xikgai,v Ä‘Ã³ mÃ  tháº¥y cuá»‘n ğŸ¥°,48.0,https://www.tiktok.com/@marloumofficial/video/7521532029368847623,POS
@tamtit2k15,Nháº¡c tÃªn gÃ¬ váº­y,1.0,https://www.tiktok.com/@marloumofficial/video/7521532029368847623,POS
@soicailon174,Z mÃ  tao coi cáº£ tiáº¿ng Ä‘á»“ng há»“ğŸ˜‹,0.0,https://www.tiktok.com/@marloumofficial/video/7521532029368847623,POS
@hominhnhut220200,lá»±c vÆ°Æ¡ng Ä‘Ã¢u ra Ã´ng nÃ y kiáº¿m kÃ¬ağŸ¤£ğŸ¤£,0.0,https://www.tiktok.com/@marloumofficial/video/7521532029368847623,POS
@bebi270795,"nhÃ¬n cÃ¡i máº·t náº¡ kia t nhá»› tá»›i phim "" cÃº Ä‘áº¥m mÃ¡u "" :)))",1.0,https://www.tiktok.com/@marloumofficial/video/7521532029368847623,POS
@cng.bp68,Ã´ng nÃ y lÃ  takuda ae oi,250.0,https://www.tiktok.com/@marloumofficial/video/7521532029368847623,POS
@tran_mai5,Ä‘á»‘i thá»§ Quang HÃ¹ng,1.0,https://www.tiktok.com/@marloumofficial/video/7521532029368847623,POS
@2177301016a,Gáº·p lá»±c vÆ°Æ¡ng táº¯c Ä‘iá»‡n,2.0,https://www.tiktok.com/@marloumofficial/video/7521532029368847623,NEU
@phamyenlinh005,nhÃ¬n Ä‘áº§u cha nÃ y sao giá»‘ng trong phim lá»±c vÆ°Æ¡ng qÃ¡,5.0,https://www.tiktok.com/@marloumofficial/video/7521532029368847623,POS
@zippo.9x,tÃ i nÄƒng nhÆ° váº­y mÃ  váº«n ko vÆ°á»£t qua Ä‘c cÃ¡m dá»— cá»§a chá»‹ ThÃºy tháº­t Ä‘Ã¡ng tiáº¿c,8482.0,https://www.tiktok.com/@chandongshowbiz/video/7530175622765694226,NEU
@ngotmat0112,"t quÃ¡ tháº¯c máº¯c, tÃ i nÄƒng nhÆ° tháº¿, ná»•i danh nhÆ° tháº¿, giÃ u cÃ³ nhÆ° tháº¿, há» váº«n ko thá»ƒ báº£o toÃ n báº£n thÃ¢n, sa ngÃ£ vÃ o vÅ©ng bÃ¹n, ko cÃ²n nghi ngá» gÃ¬ CT chÃ­nh lÃ  top 1 ntk á»Ÿ VN luÃ´n, chÆ°a ai Ä‘em Ä‘Æ°á»£c thiáº¿t káº¿ cá»§a ngÆ°á»i Viá»‡t Ä‘áº¿n nhá»¯ng ngÃ´i sao táº§m vÃ³c tháº¿ giá»›i cá»¡ Ä‘Ã³ nhÆ° CT (nhiá»u, dÃ y Ä‘áº·c vÃ  cÃ³ Ä‘á»™ nháº­n diá»‡n cao), tháº¿ mÃ ...ko hiá»ƒu ná»•i luÃ´n",155.0,https://www.tiktok.com/@chandongshowbiz/video/7530175622765694226,NEG
@_adele._.30,bá»™ biá»ƒn Ä‘Ãªm cá»§a Adele Ä‘áº¹p xá»‰u ğŸ˜‡,247.0,https://www.tiktok.com/@chandongshowbiz/video/7530175622765694226,POS
@obeliskra,á»¦a rá»“i cÃ²n Tuáº¥n HÆ°ng thÃ¬ sao?,0.0,https://www.tiktok.com/@chandongshowbiz/video/7530175622765694226,POS
@duc_tuan97,Ão tÃ² sáº¯p cÃ³ bÆ°á»›c Ä‘á»™t phÃ¡ chÄƒng,2189.0,https://www.tiktok.com/@chandongshowbiz/video/7530175622765694226,NEG
@chuynpnh,"Logo CÃ´ng TrÃ­ giá»‘ng há»‡t nÃºt táº¯t nguá»“n, giá» thÃ¬ táº¯t nguá»“n thiá»‡t rá»“i..",144.0,https://www.tiktok.com/@chandongshowbiz/video/7530175622765694226,NEG
@lethiphuocloc2109,Nhiá»u khi nhá» vÃ o maty nÃªn cÃ³ cáº£m há»©ng lÃ m Ä‘Ã´ Ä‘áº¹p nv Ã¡,3861.0,https://www.tiktok.com/@chandongshowbiz/video/7530175622765694226,POS
@phongfsr2xk,Äi máº¥y nÄƒm ta???,6.0,https://www.tiktok.com/@chandongshowbiz/video/7530175622765694226,POS
@quangiaumasterland,Trá»i Æ¡i cÃ²n nhiá»u ngÆ°á»i láº¯m. Trong showbiz cÃ²n nhiá»u láº¯m chá»© ko pháº£i NCT ko Ä‘Ã¢u,368.0,https://www.tiktok.com/@chandongshowbiz/video/7530175622765694226,POS
@thutruuong,Táº¡i sao biáº¿t nÃ³ cÃ³ háº¡i sao váº«n sd trong khi cÃ³ cv kiáº¿m tiá»n tá»· . KhÃ´ng hiá»ƒu ná»•i,23.0,https://www.tiktok.com/@chandongshowbiz/video/7530175622765694226,NEG
@quochuybietthu,CÅ©ng cháº³ng lÃ m háº¡i ai,1.0,https://www.tiktok.com/@chandongshowbiz/video/7530175622765694226,POS
@dduyanh25,Ai lÃ m sÃ¡ng táº¡o nghá»‡ thuáº­t cá»© pháº£i cÃ³ cÃ¡i nÃ y má»›i bay bá»•ng Ä‘Æ°á»£c,4.0,https://www.tiktok.com/@chandongshowbiz/video/7530175622765694226,POS
@kokopipi98,Haizz Ä‘Ã¡ng tiáº¿c cho má»™t tÃ i nÄƒngğŸ˜,102.0,https://www.tiktok.com/@chandongshowbiz/video/7530175622765694226,NEG
@lang_du_nhan,"vÃ o trá»ng cÅ©ng lÃ m nghá» Ä‘Æ°á»£caf, biáº¿t Ä‘Ã¢u láº¡i coa Ã½ tÆ°á»Ÿng Ä‘á»™t phÃ¡ hÆ¡n",591.0,https://www.tiktok.com/@chandongshowbiz/video/7530175622765694226,NEG
@khangmachban,Sao Quá»‘c Táº¿ cháº¯c báº¥t ngá» láº¯m,0.0,https://www.tiktok.com/@chandongshowbiz/video/7530175622765694226,POS
@qminh1903,tiá»n tÃ i danh vá»ng cÃ³ Ä‘á»§ mÃ  láº¡i chá»n káº¿t thÃºc báº±ng Ã¡n tÃ¹ giam ğŸ˜… suy nghÄ© cá»§a máº¥y ngÆ°á»i cÃ³ tiá»n khÃ³ Ä‘oÃ¡n tháº­t,1.0,https://www.tiktok.com/@chandongshowbiz/video/7530175622765694226,POS
@maydailyyy,cÃ³ ai khÃ´ng chÆ¡i mÃ  tÃ i nÄƒng tháº­t sá»± khÃ´ng ta,25.0,https://www.tiktok.com/@chandongshowbiz/video/7530175622765694226,POS
@yenbinhduockhongg,Tháº¥y Ä‘Ã¡ng thÆ°Æ¡ng hÆ¡n Ä‘Ã¡ng trÃ¡ch,9.0,https://www.tiktok.com/@chandongshowbiz/video/7530175622765694226,NEG
@myphuongg20,ToÃ  khÃ´ng chÆ¡i khÃ´ng hiá»ƒu Ä‘Æ°á»£c Ä‘Ã¢uğŸ˜‚,1.0,https://www.tiktok.com/@chandongshowbiz/video/7530175622765694226,POS
@duckhangmedia,CÃ´ng khai v rá»“i máº¥t 1 nhÃ¢n tÃ i,3.0,https://www.tiktok.com/@chandongshowbiz/video/7530175622765694226,POS
@khi.nao.on.thi.doi.ten,"NhÃ¬n lÆ°ng hoa háº­u Thanh Thá»§y, Ä‘Ã³ má»›i gá»i lÃ  cá»±c pháº©m",934.0,https://www.tiktok.com/@dramin.vn/video/7529856484742630663,POS
@m.linhh945,Ä‘á»©a nÃ o khen Ä‘áº¹p t cx chiá»‡u luÃ´nğŸ˜”ğŸ˜”,14600.0,https://www.tiktok.com/@dramin.vn/video/7529856484742630663,POS
@thuhuong7073,lÆ°ng nÃ y mÃ  Ä‘áº¹p,5055.0,https://www.tiktok.com/@dramin.vn/video/7529856484742630663,POS
@siuhhieng,LÆ°ng t cÃ²n Ä‘áº¹p hÆ¡n ğŸ¤£ğŸ¤£,1025.0,https://www.tiktok.com/@dramin.vn/video/7529856484742630663,POS
@tnt_noah0901,ee nÃ£o t tá»± kháº¯c so sÃ¡nh vs Triá»‡u Lá»™ TÆ°=)),0.0,https://www.tiktok.com/@dramin.vn/video/7529856484742630663,POS
@.___ochakohaha,nhÃ¬n cá»© sao sao Ã¡ :v,1221.0,https://www.tiktok.com/@dramin.vn/video/7529856484742630663,POS
@interlink6b,lÆ°ng nhÃ¬n cÃ¡i háº¿t muá»‘n bl,4748.0,https://www.tiktok.com/@dramin.vn/video/7529856484742630663,NEG
@_gio.38,xoÃ i non nay cÃ³ tÃ i nÄƒng j ma Ä‘c Ä‘i sá»± kiá»‡n vÃ¢i mn k biáº¿t nÃªn há»i thiá»‡t,705.0,https://www.tiktok.com/@dramin.vn/video/7529856484742630663,NEG
@huy.nguyen.tan2,nhÃ¬n tÆ°á»Ÿng máº¥y cÃ´ trung niÃªn 40 50 tuá»•iğŸ˜­,75.0,https://www.tiktok.com/@dramin.vn/video/7529856484742630663,POS
@ptat199,"ÃŠ cha, tui xÃ©m quÃªn cÃ¡i tÃªn XoÃ i Non luÃ´n ğŸ˜‚ğŸ˜‚ğŸ˜‚ğŸ˜‚",382.0,https://www.tiktok.com/@dramin.vn/video/7529856484742630663,POS
@hoadaquy3012,nhÃ¬n sao sao Ã¡ bÃ¢y,731.0,https://www.tiktok.com/@dramin.vn/video/7529856484742630663,POS
@kimoanh6895,xoÃ i non lÃ  Ä‘á»©a nÃ o,12.0,https://www.tiktok.com/@dramin.vn/video/7529856484742630663,POS
@anphamuda,hÃ¬nh nhÆ° máº·c ngÆ°á»£c,417.0,https://www.tiktok.com/@dramin.vn/video/7529856484742630663,NEU
@thoale1210.85,lÆ°ng nÃ y mÃ  Ä‘áº¹p Ã¡ğŸ˜­,99.0,https://www.tiktok.com/@dramin.vn/video/7529856484742630663,POS
@vancoca03,"xoÃ i non rá»“i nÃ³ cÅ©ng pháº£i chÃ­n, ko láº½ non hoÃ i ğŸ˜…ğŸ˜…",169.0,https://www.tiktok.com/@dramin.vn/video/7529856484742630663,POS
@ving.ha.tinh38,ChÆ°a Ä‘áº» lá»©a mÃ´ mÃ  Ä‘áº¡ nv rá»“iğŸ˜‚,25.0,https://www.tiktok.com/@dramin.vn/video/7529856484742630663,POS
@wynfahn,sao t tháº¥y bthg mÃ  bÃ¢y,7.0,https://www.tiktok.com/@dramin.vn/video/7529856484742630663,NEU
@lzboy611ht,nhÆ° táº­p gym v Ã¡ tr,0.0,https://www.tiktok.com/@dramin.vn/video/7529856484742630663,POS
@minhlaidn86,MÃ  tÃ´i há»i tháº­t nÃ³ Ä‘Ã£ cÃ´ng hiáº¿n nhá»¯ng gÃ¬ cho nghá»‡ thuáº­t chÆ°a nhá»‰,2.0,https://www.tiktok.com/@dramin.vn/video/7529856484742630663,POS
@thuyanh_2311,NhÃ¬n lÆ°ng XoÃ i non tui tá»± tin hÆ¡n háº³n ğŸ˜ğŸ˜,34.0,https://www.tiktok.com/@dramin.vn/video/7529856484742630663,POS
@cc.vng621,+1 mÃ¡y chÆ°a tá»«ng toxic á»•ngğŸ¥°,28500.0,https://www.tiktok.com/@nlingphm/video/7527674586796788999,POS
@kieugemini305,NgÆ°á»i ta im láº·ng thÃ¬ kÃªu khÃ´ng cÃ³ trÃ¡ch nhiá»‡m.Bjo ngÆ°á»i ta lÃªn tiáº¿ng thÃ¬ kÃªu lÃªn ká»ƒ lá»ƒ. ÄÃºng Ä‘á»iâ€¦,12200.0,https://www.tiktok.com/@nlingphm/video/7527674586796788999,POS
@bh.xihgai.th.i.tn,t thá» mxh lÃ  cÃ¡i j Ä‘Ã³ cÃ²n nhanh hÆ¡n cáº£ bÃ¡nh trÃ¡ngğŸ˜‚,10500.0,https://www.tiktok.com/@nlingphm/video/7527674586796788999,POS
@lan_huong_182,"ÄÃºng 11h30 phÃºt, Jack Ä‘Äƒng bÃ i láº­t Ä‘á»• Showbiz, quay kÃ¨o sau 5 nÄƒm. Bá»™ tá»•ng tham mÆ°u ngá»¥y ThiÃªn An Ä‘áº§u hÃ ng vÃ´ Ä‘iá»u kiá»‡n. Nhá»¯ng bÃ i hÃ¡t cá»§a j97 vang lÃªn kháº¯p tiktok. Chiáº¿n dá»‹ch Äáº¡i Äom ÄÃ³m toÃ n tháº¯ng .",894.0,https://www.tiktok.com/@nlingphm/video/7527674586796788999,POS
@uchiobito,sáº§u há»“ng gai nÃ³i lÃªn cuá»™c Ä‘á»i cá»§a jack,786.0,https://www.tiktok.com/@nlingphm/video/7527674586796788999,POS
@tuyetthuynhh012,hÃªn quÃ¡ t chÆ°a tá»«ng toxic jack ğŸ¥°,4098.0,https://www.tiktok.com/@nlingphm/video/7527674586796788999,POS
@meichan1321,Tá»± nhiÃªn tháº¥y Ä‘áº¹p trai háº³n :)))),3005.0,https://www.tiktok.com/@nlingphm/video/7527674586796788999,POS
@thy.mai774,ThiÃªn an nÃ³i 1 bÃªn phá»Ÿ tin 10. CÃ²n gia Ä‘Ã¬nh ngÆ°á»i ta giáº£i thÃ­ch tá»›i váº­y báº±ng chá»©ng rÃµ rÃ ng mÃ  cÃ³ nhiá»u ngÆ°á»i láº¡i k tin ? TrÃªn Ä‘á»i nÃ y láº¡ nhá»‰,7045.0,https://www.tiktok.com/@nlingphm/video/7527674586796788999,NEG
@babysuatuoi1306,"Ráº¥t thÃ­ch cÃ¢u Jack nÃ³i :"" Tui cÃ³ ba ráº¥t ná»•i tiáº¿ng vÃ  ba tui lo láº¯ng cho tui tá»« khi biáº¿t tui cÃ³ máº·t trÃªn Ä‘á»i nÃ y""",745.0,https://www.tiktok.com/@nlingphm/video/7527674586796788999,NEG
@phuongthao51289,"ThÃ´i, Ã­t nháº¥t lÃ  cÅ©g cÃ³ buá»•i há»p bÃ¡o giáº£i thik tl chá»© k nhÆ° ai kia cá»© im im ká»‡ 2 cÃ´ gÃ¡i Ä‘á»u bá»‹ chá»­i ğŸ˜Œ",104.0,https://www.tiktok.com/@nlingphm/video/7527674586796788999,POS
@quyen_1611,Kh uá»•ng cÃ´ng t chÆ°a tá»«ng thay lÃ²ng,1061.0,https://www.tiktok.com/@nlingphm/video/7527674586796788999,POS
@thuyhap202,Im láº·ng thÃ¬ kÃªu kco trÃ¡ch nhiá»‡mâ€¦Giá» lÃªn tiÃªáº¿ng thÃ¬ láº¡i báº£o ká»ƒ lá»ƒ :)) t tháº¥y sá»£ cÃ¡i mxh nÃ y quÃ¡ ğŸ™‚,196.0,https://www.tiktok.com/@nlingphm/video/7527674586796788999,NEG
@jollibee.mohon001,"ÄÃºng 11h30 phÃºt, Jack Ä‘Äƒng bÃ i láº­t Ä‘á»• Showbiz, quay kÃ¨o sau 5 nÄƒm. Bá»™ tá»•ng tham mÆ°u ngá»¥y ThiÃªn An Ä‘áº§u hÃ ng vÃ´ Ä‘iá»u kiá»‡n. Nhá»¯ng bÃ i hÃ¡t cá»§a j97 vang lÃªn kháº¯p tiktok. Chiáº¿n dá»‹ch Äáº¡i Äom ÄÃ³m toÃ n tháº¯ng .",31.0,https://www.tiktok.com/@nlingphm/video/7527674586796788999,POS
@lanchi567,"Tháº¥y gia Ä‘Ã¬nh há» ngá»“i láº¡i nÃ³i rÃµ rÃ ng, nháº¹ nhÃ ng váº­y lÃ  biáº¿t hiá»ƒu chuyá»‡n, tá»­ táº¿ rá»“i",107.0,https://www.tiktok.com/@nlingphm/video/7527674586796788999,NEG
@h_nhzu,""" ThÃ  máº¥t táº¥t cáº£ chá»© khÃ´ng cÆ°á»›i 1 con ngÆ°á»i nhÆ° nÃ³ :))) """,1283.0,https://www.tiktok.com/@nlingphm/video/7527674586796788999,NEU
@baongoc997,team chÆ°a toxic anh tá»« nÃ oğŸ˜³,125.0,https://www.tiktok.com/@nlingphm/video/7527674586796788999,POS
@em_2k.14_nhe,ah chá»‹u váº­y Ä‘á»§ rá»“i. AI FAN ÄOM ÄÃ“M TIM BL NÃ€YğŸ˜,86.0,https://www.tiktok.com/@nlingphm/video/7527674586796788999,POS
@niisociu._,Ãª nháº¡c há»£p vá»›i á»•ng váº­y,339.0,https://www.tiktok.com/@nlingphm/video/7527674586796788999,POS
@linhhlinhh_68,"t thá» nÃ³ Ä‘iá»‡n áº£nh, nÃ³ Ä‘áº¹p trai, nÃ³ k cÃ³ chá»— chÃª Ã½",379.0,https://www.tiktok.com/@nlingphm/video/7527674586796788999,POS
@lucy_tr.ng,SÆ°á»›ng nháº¥t chá»‹ Huyá»n baby,398.0,https://www.tiktok.com/@be3thaido/video/7527479750416157959,POS
@mayjune995,Sá»£ nháº¥t máº¥y mÃ¡ cá»© nghÄ© ngta thÃ­ch mÃ¬nh ğŸ˜‚,15000.0,https://www.tiktok.com/@be3thaido/video/7527479750416157959,NEG
@tuandz1591,Huyá»n baby xinh Äƒn Ä‘á»©t gÃ¡i HÃ n. CÃ¡c bÃ© cá»© sÃ­nh HÃ n quÃ¡ chá»© trai Viá»‡t Ä‘áº§y ngÆ°á»i Ä‘áº¹p trai hÆ¡n.,2532.0,https://www.tiktok.com/@be3thaido/video/7527479750416157959,POS
@letuan2507,ThÃ¬ bÃ£ cÅ©ng xinh mÃ . CÃ³ gÃ¬ Ä‘Ã¢u mÃ  máº¥y mÃ¡ cá»© pháº£i dÃ¬m gÃ¡i Viá»‡t váº­y.,1008.0,https://www.tiktok.com/@be3thaido/video/7527479750416157959,POS
@idol_tiktok_14,CÃ¡i hay cá»§a dien viÃªn chuyÃªn nghiá»‡p lÃ  pháº£i táº¡o ra Ä‘Æ°á»£c Ã¡nh nhÃ¬n á»Ÿ cÃ¡c gÃ³c sao cho ngta cÃ³ cáº£m giÃ¡c Ä‘ang nhÃ¬n mÃ¬nh,508.0,https://www.tiktok.com/@be3thaido/video/7527479750416157959,POS
@longpado,Báº¡n Huyá»n baby há»c dÆ°á»›i mÃ¬nh 1 lá»›p . Sn 89 thÃ¬ pháº£i . So vá»›i 20 nÄƒm trc thÃ¬ bh lÃ  gÆ°Æ¡ng máº·t hoÃ n toÃ n khÃ¡c ko giá»‘ng tÃ­ nÃ o ngÃ y xÆ°a ğŸ˜‚ğŸ˜‚ğŸ˜‚. NgÃ y xÆ°a nÃ©t xinh dá»… thÆ°Æ¡ng hÆ¡n bh,204.0,https://www.tiktok.com/@be3thaido/video/7527479750416157959,POS
@haygianchong0,Chá»— Ä‘Ã³ nguyÃªn Ä‘á»‘ng ngÆ°á»i ngá»“i chá»© Ä‘Ã¢u pháº£i mÃ¬nh báº£ ğŸ˜‚,271.0,https://www.tiktok.com/@be3thaido/video/7527479750416157959,NEG
@hoailinh02092000,Noi sá»£ bá»‹ chá»­i. NhÆ°ng t tháº¥y bÃ  huyá»n bt Ã¡,27.0,https://www.tiktok.com/@be3thaido/video/7527479750416157959,POS
@xeta.akemi,Chá»“ng á»Ÿ nhÃ  cháº¯c ghen ná»• máº¯t rá»“i chá»‹ Huyá»n oy ğŸ˜‚,2288.0,https://www.tiktok.com/@be3thaido/video/7527479750416157959,POS
@congonbacho3004,á»•ng tÆ°á»Ÿng Ä‘á»“ng hÆ°Æ¡ng Ä‘áº¥y á»Ÿ hÃ n 1m2 10 Ä‘á»©a máº·t nhá»±a,842.0,https://www.tiktok.com/@be3thaido/video/7527479750416157959,NEG
@MS4wLjABAAAAF-_2un5loJILB2jyQKz5ImyDHvcfBkFRN1k5KDVSyycQGKWTheZ7Jr1kdtHRemQr,"Huyá»n baby tráº» ,xinh tháº¿ mÃ  cÃ³ 2 con rá»“i",691.0,https://www.tiktok.com/@be3thaido/video/7527479750416157959,POS
@nhung.tran5104,Tháº­t khÃ´ng nhiá»u khi giá»‘ng tui tÆ°á»Ÿng cÃ´ng an ra há»‘t xe mÃ¬nh ai ngá» xe Ä‘áº±ng sau mÃ¬nh tháº­t lÃ  yomost,58.0,https://www.tiktok.com/@be3thaido/video/7527479750416157959,NEU
@lananh_chooco98,LÃ  á»•ng vá»›i bÃ£ cÃ³ quen biáº¿t trÃ² chuyá»‡n trÆ°á»›c Ä‘Ã³ chÆ°a Ã¡ mn! Hay má»›i láº§n Ä‘áº§u mÃ  dc Ä‘á»ƒ Ã½ áº¡,6.0,https://www.tiktok.com/@be3thaido/video/7527479750416157959,POS
@_cun.beoo,Tau khÃ´ng tin lÃ  Ã´ng Lee Min Ho nhÃ¬n bÃ  Huyá»n BabyğŸ¤£,78.0,https://www.tiktok.com/@be3thaido/video/7527479750416157959,POS
@miso170609,"TÆ°á»Ÿng bá»Ÿ tháº­t sá»± Ã­, Ä‘á»©ng trÃªn sÃ¢n kháº¥u nhiá»u khi nghá»‡ sá»¹ há» nhÃ¬n vÃ´ Ä‘á»‹nh váº«y tay thÃ´i, t tá»«ng Ä‘á»©ng trÃªn sÃ¢n kháº¥u nÃªn hiá»ƒu.",4.0,https://www.tiktok.com/@be3thaido/video/7527479750416157959,NEG
@dplxbabi,Ra Ä‘Æ°á»ng sá»£ nháº¥t máº¥y con ai nhÃ¬n cÅ©ng nghÄ© thÃ­ch mÃ¬nh :),103.0,https://www.tiktok.com/@be3thaido/video/7527479750416157959,NEG
@hongli4968,Leee minh hoo há»¯u duyÃªn BL Huyá»n baby,572.0,https://www.tiktok.com/@be3thaido/video/7527479750416157959,POS
@canhng20,"CÃ¡i nhÆ°á»›n lÃ´ng mÃ y , ta nÃ³i Ä‘iá»‡n áº£nh mÃ  tÃ¬nh cáº£m zÃ´ cÃ¹ng :)))",834.0,https://www.tiktok.com/@be3thaido/video/7527479750416157959,POS
@shoang8,Thiá»‡t ko chá»i. Tháº¥y Huyá»n baby CÅ©ng bt thÃ´i mÃ ,0.0,https://www.tiktok.com/@be3thaido/video/7527479750416157959,NEU
@quyenduong2899,PhÃ¡t tÆ°á»›ng lÃ  do Ä‘c chÄƒm tá»‘t Ä‘áº¥y mn cá»© vÃ o chÃª hoÃ i zz,3417.0,https://www.tiktok.com/@xuhuongdanglen1/video/7529760668271054088,POS
@saocungduoc072,"tháº¥y chá»‹ Ã½ váº«n xinhh mÃ , chá»‰ lÃ  cÃ³ da cÃ³ thá»‹t hÆ¡n thÃ´i mÃ  bá»‹ nÃ³i quÃ¡ ğŸ™",0.0,https://www.tiktok.com/@xuhuongdanglen1/video/7529760668271054088,POS
@17thg__09,Quen Ä‘Ãºng ngÆ°á»i lÃ  máº­p lÃªn mÃ  trá»i :)) máº­p lÃªn cÅ©ng nÃ³i thá»­ gáº§y gáº§y thÃ¬ viáº¿t tá»›i cÃ¡i gÃ¬ ná»¯a??,1174.0,https://www.tiktok.com/@xuhuongdanglen1/video/7529760668271054088,NEG
@brian.ng98,"XoÃ i Non rá»i ra Xemesis lÃ  1 quyáº¿t Ä‘á»‹nh Ä‘Ãºng Ä‘áº¯n nháº¥t trong Ä‘á»i, ai khÃ´ng biáº¿t chuyá»‡n gÃ¬ thÃ¬ Ä‘á»«ng cÃ³ bÃ n tÃ¡n, ng trong cuá»™c má»›i hiá»ƒuğŸ¥°",32.0,https://www.tiktok.com/@xuhuongdanglen1/video/7529760668271054088,POS
@k.anh0102,th cb Æ¡i yÃªu Ä‘Ãºng ng sáº½ máº­p th phÃ¡t tÆ°á»›ng do ngy mÃ¬nh chÄƒm th giá»‘ng t ne ch quen a cÃ³ 49kg mÃ  quen dc máº¥y thÃ¡ng th lÃªn tá»›i 60 máº¥y kg r,1.0,https://www.tiktok.com/@xuhuongdanglen1/video/7529760668271054088,POS
@hoangmai_2025,Ngta háº¡nh phÃºc lÃ  Ä‘Æ°á»£c,0.0,https://www.tiktok.com/@xuhuongdanglen1/video/7529760668271054088,POS
@yeuthatlong03,YÃªu Ä‘Ãºng ngÆ°á»i nÃ³ zá»‹ Ã¡,0.0,https://www.tiktok.com/@xuhuongdanglen1/video/7529760668271054088,POS
@lehuynh242,Do gÃ³c quay th,0.0,https://www.tiktok.com/@xuhuongdanglen1/video/7529760668271054088,POS
@linhan5711,cÃ¡i nÃ y lá»—i cá»§a stylist chá»n Ä‘á»“ look khuyáº¿t Ä‘iá»ƒm quÃ¡ chá»© chá»‹ váº«n xinh mÃ ,1.0,https://www.tiktok.com/@xuhuongdanglen1/video/7529760668271054088,POS
@ngocnhu240311,"Hay content táº¡i thg tháº¥y bÃ  XoÃ i chÄƒm chÃºt ngoáº¡i hÃ¬nh Ä‘Ã³ , bÃ  X sáº½ ko dÆ°ng mÃ  Äƒn máº·c tháº¿ Ä‘Ã¢u",1.0,https://www.tiktok.com/@xuhuongdanglen1/video/7529760668271054088,NEG
@thuyannguyen2710,XoÃ i nÃ y 9 r,0.0,https://www.tiktok.com/@xuhuongdanglen1/video/7529760668271054088,POS
@xuzy_thao,á»¦a lÃ  ngÆ°á»i ná»•i tiáº¿ng lÃ  k Ä‘Æ°á»£c máº­p hay sao,40.0,https://www.tiktok.com/@xuhuongdanglen1/video/7529760668271054088,POS
@nguyentienanh1193,cháº¯c cÃ³ e bÃ©,0.0,https://www.tiktok.com/@xuhuongdanglen1/video/7529760668271054088,NEU
@nnn1306_,"TÃ­nh ra máº­p lÃªn máº·t váº«n xinh, máº¥y bá»™ cá»‘t tuá»•i mÃ  cÃ³ quáº£ id cháº¥t tháº¿ =))",1.0,https://www.tiktok.com/@xuhuongdanglen1/video/7529760668271054088,POS
@phuongthu6962,Gáº·p Ä‘Ãºng ng sáº½ bÃ©o lÃªn,53.0,https://www.tiktok.com/@xuhuongdanglen1/video/7529760668271054088,POS
@topudayy,"Ä‘Ã¢y lÃ  biá»ƒu hiá»‡n cá»§a Háº¡nh phÃºc Ä‘Ã³ ,yÃªu Ä‘Ãºng ng ng áº¥y chÄƒm mik tá»‘t lÃªn th=))",4.0,https://www.tiktok.com/@xuhuongdanglen1/video/7529760668271054088,POS
@cathoibienhoa,t muá»‘n cÃ²n k dc chÄƒm z chá»© á»Ÿ Ä‘Ã³ mÃ  phÃ¡n xÃ©t ğŸ¥°,1.0,https://www.tiktok.com/@xuhuongdanglen1/video/7529760668271054088,POS
@bb.hai94,Gill chÄƒm tá»‘t ghÃª ğŸ¥°,6.0,https://www.tiktok.com/@xuhuongdanglen1/video/7529760668271054088,POS
@nguoideptop1tg22222,"Ngta chÄƒm tá»‘t, Äƒn ngon ngá»§ kÄ© thÃ¬ má»›i bÃ©o lÃªn Ä‘c chá»©?",1.0,https://www.tiktok.com/@xuhuongdanglen1/video/7529760668271054088,POS
@25thegioishop,mÃ¬nh váº«n tháº¥y quÃ¡ Ä‘áº¹p,1.0,https://www.tiktok.com/@xuhuongdanglen1/video/7529760668271054088,POS
